item_no,item_name,branch,quantity,date
SKU-00717,Item-00717,BR-C,60.53,2026-05-30
SKU-00731,Item-00731,BR-A,43.72,2026-05-19
SKU-00893,Item-00893,BR-A,58.55,2026-05-08
SKU-00740,Item-00740,BR-B,131.86,2026-05-01
SKU-00472,Item-00472,BR-E,230.72,2026-05-01
SKU-00375,Item-00375,BR-B,80.87,2026-05-24
SKU-00344,Item-00344,BR-E,95.61,2026-05-18
SKU-00733,Item-00733,BR-D,116.23,2026-05-14
SKU-00684,Item-00684,BR-B,69.82,2026-05-15
SKU-00326,Item-00326,BR-B,147.91,2026-05-30
SKU-00478,Item-00478,BR-D,231.97,2026-05-03
SKU-00605,Item-00605,BR-B,139.53,2026-05-15
SKU-00627,Item-00627,BR-A,145.33,2026-05-18
SKU-00497,Item-00497,BR-B,100.99,2026-05-28
SKU-00338,Item-00338,BR-A,191.71,2026-05-27
SKU-00802,Item-00802,BR-A,10.46,2026-05-21
SKU-00853,Item-00853,BR-E,297.17,2026-05-06
SKU-00800,Item-00800,BR-A,216.02,2026-05-06
SKU-00604,Item-00604,BR-E,15.54,2026-05-02
SKU-00614,Item-00614,BR-B,78.52,2026-05-15
SKU-00705,Item-00705,BR-D,181.74,2026-05-08
SKU-00884,Item-00884,BR-C,49.43,2026-05-05
SKU-00809,Item-00809,BR-C,275.8,2026-05-09
SKU-00834,Item-00834,BR-B,10.49,2026-05-10
SKU-00763,Item-00763,BR-E,9.01,2026-05-22
SKU-00354,Item-00354,BR-A,114.26,2026-05-21
SKU-00685,Item-00685,BR-D,42.11,2026-05-27
SKU-00693,Item-00693,BR-B,59.19,2026-05-30
SKU-00374,Item-00374,BR-E,28.82,2026-05-15
SKU-00332,Item-00332,BR-E,95.27,2026-05-11
SKU-00355,Item-00355,BR-E,167.78,2026-05-02
SKU-00509,Item-00509,BR-D,146.97,2026-05-06
SKU-00595,Item-00595,BR-B,142.38,2026-05-19
SKU-00582,Item-00582,BR-C,62.45,2026-05-18
SKU-00566,Item-00566,BR-C,133.47,2026-05-21
SKU-00776,Item-00776,BR-B,91.45,2026-05-15
SKU-00655,Item-00655,BR-B,100.89,2026-05-18
SKU-00759,Item-00759,BR-E,28.01,2026-05-02
SKU-00392,Item-00392,BR-C,219.89,2026-05-29
SKU-00472,Item-00472,BR-B,271.49,2026-05-27
SKU-00485,Item-00485,BR-C,252.71,2026-05-22
SKU-00691,Item-00691,BR-E,205.37,2026-05-01
SKU-00689,Item-00689,BR-D,93.35,2026-05-03
SKU-00712,Item-00712,BR-C,101.59,2026-05-13
SKU-00663,Item-00663,BR-A,113.53,2026-05-01
SKU-00544,Item-00544,BR-C,6.99,2026-05-26
SKU-00857,Item-00857,BR-A,204.55,2026-05-25
SKU-00353,Item-00353,BR-D,36.11,2026-05-14
SKU-00796,Item-00796,BR-D,138.23,2026-05-04
SKU-00493,Item-00493,BR-D,118.18,2026-05-09
SKU-00519,Item-00519,BR-E,82.2,2026-05-24
SKU-00736,Item-00736,BR-B,15.59,2026-05-08
SKU-00806,Item-00806,BR-E,216.17,2026-05-08
SKU-00733,Item-00733,BR-E,141.85,2026-05-20
SKU-00812,Item-00812,BR-E,78.83,2026-05-03
SKU-00891,Item-00891,BR-A,123.49,2026-05-01
SKU-00413,Item-00413,BR-D,82.02,2026-05-02
SKU-00332,Item-00332,BR-C,130.7,2026-05-11
SKU-00504,Item-00504,BR-C,61.12,2026-05-01
SKU-00513,Item-00513,BR-C,293.11,2026-05-16
SKU-00361,Item-00361,BR-B,70.24,2026-05-12
SKU-00636,Item-00636,BR-C,9.66,2026-05-24
SKU-00857,Item-00857,BR-D,218.71,2026-05-30
SKU-00359,Item-00359,BR-C,140.33,2026-05-25
SKU-00570,Item-00570,BR-B,32.49,2026-05-22
SKU-00572,Item-00572,BR-B,21.09,2026-05-06
SKU-00516,Item-00516,BR-B,154.4,2026-05-06
SKU-00610,Item-00610,BR-B,145.69,2026-05-17
SKU-00508,Item-00508,BR-B,32.95,2026-05-21
SKU-00375,Item-00375,BR-B,74.51,2026-05-29
SKU-00733,Item-00733,BR-E,99.87,2026-05-21
SKU-00796,Item-00796,BR-C,198.89,2026-05-28
SKU-00536,Item-00536,BR-A,271.66,2026-05-04
SKU-00424,Item-00424,BR-A,236.54,2026-05-21
SKU-00870,Item-00870,BR-A,222.15,2026-05-16
SKU-00730,Item-00730,BR-D,171.94,2026-05-07
SKU-00503,Item-00503,BR-C,89.94,2026-05-08
SKU-00660,Item-00660,BR-D,159.79,2026-05-02
SKU-00372,Item-00372,BR-A,185.56,2026-05-02
SKU-00504,Item-00504,BR-B,57.82,2026-05-03
SKU-00510,Item-00510,BR-D,135.43,2026-05-11
SKU-00325,Item-00325,BR-D,54.66,2026-05-08
SKU-00684,Item-00684,BR-A,126.54,2026-05-04
SKU-00705,Item-00705,BR-B,161.6,2026-05-25
SKU-00791,Item-00791,BR-E,291.68,2026-05-28
SKU-00663,Item-00663,BR-D,93.67,2026-05-26
SKU-00473,Item-00473,BR-C,13.53,2026-05-08
SKU-00574,Item-00574,BR-B,22.91,2026-05-01
SKU-00473,Item-00473,BR-D,12.37,2026-05-05
SKU-00712,Item-00712,BR-E,122.91,2026-05-15
SKU-00439,Item-00439,BR-E,69.47,2026-05-20
SKU-00610,Item-00610,BR-A,141.15,2026-05-11
SKU-00384,Item-00384,BR-A,28.84,2026-05-08
SKU-00571,Item-00571,BR-A,274.68,2026-05-14
SKU-00661,Item-00661,BR-D,214.09,2026-05-19
SKU-00667,Item-00667,BR-D,20.49,2026-05-20
SKU-00837,Item-00837,BR-A,150.47,2026-05-07
SKU-00339,Item-00339,BR-B,35.51,2026-05-26
SKU-00875,Item-00875,BR-C,100.71,2026-05-04
SKU-00518,Item-00518,BR-E,40.92,2026-05-05
SKU-00396,Item-00396,BR-B,131.05,2026-05-02
SKU-00363,Item-00363,BR-A,124.68,2026-05-20
SKU-00639,Item-00639,BR-D,2.28,2026-05-05
SKU-00504,Item-00504,BR-A,75.77,2026-05-16
SKU-00488,Item-00488,BR-A,185.19,2026-05-12
SKU-00457,Item-00457,BR-A,81.77,2026-05-11
SKU-00666,Item-00666,BR-D,76.87,2026-05-14
SKU-00308,Item-00308,BR-D,55.97,2026-05-21
SKU-00420,Item-00420,BR-C,19.61,2026-05-10
SKU-00537,Item-00537,BR-D,118.07,2026-05-08
SKU-00661,Item-00661,BR-E,221.45,2026-05-14
SKU-00542,Item-00542,BR-A,158.22,2026-05-16
SKU-00692,Item-00692,BR-B,53.17,2026-05-11
SKU-00441,Item-00441,BR-D,167.54,2026-05-29
SKU-00696,Item-00696,BR-D,74.62,2026-05-18
SKU-00391,Item-00391,BR-B,114.77,2026-05-05
SKU-00309,Item-00309,BR-B,68.36,2026-05-13
SKU-00618,Item-00618,BR-A,197.56,2026-05-27
SKU-00605,Item-00605,BR-A,110.18,2026-05-18
SKU-00783,Item-00783,BR-E,195.06,2026-05-12
SKU-00547,Item-00547,BR-B,145.01,2026-05-17
SKU-00562,Item-00562,BR-B,153.7,2026-05-26
SKU-00850,Item-00850,BR-E,73.15,2026-05-17
SKU-00676,Item-00676,BR-D,26.27,2026-05-06
SKU-00859,Item-00859,BR-C,28.43,2026-05-02
SKU-00351,Item-00351,BR-C,110.3,2026-05-30
SKU-00868,Item-00868,BR-C,271.98,2026-05-12
SKU-00661,Item-00661,BR-E,166.91,2026-05-30
SKU-00789,Item-00789,BR-A,124.47,2026-05-30
SKU-00424,Item-00424,BR-E,153.28,2026-05-12
SKU-00342,Item-00342,BR-E,212.98,2026-05-17
SKU-00587,Item-00587,BR-B,238.88,2026-05-12
SKU-00572,Item-00572,BR-A,23.09,2026-05-14
SKU-00890,Item-00890,BR-E,220.82,2026-05-18
SKU-00372,Item-00372,BR-B,108.03,2026-05-22
SKU-00694,Item-00694,BR-B,155.84,2026-05-14
SKU-00489,Item-00489,BR-D,113.29,2026-05-12
SKU-00803,Item-00803,BR-D,11.77,2026-05-08
SKU-00647,Item-00647,BR-C,339.38,2026-05-05
SKU-00773,Item-00773,BR-C,271.47,2026-05-15
SKU-00491,Item-00491,BR-D,133.67,2026-05-20
SKU-00572,Item-00572,BR-C,21.32,2026-05-11
SKU-00532,Item-00532,BR-D,160.53,2026-05-10
SKU-00598,Item-00598,BR-D,11.6,2026-05-24
SKU-00802,Item-00802,BR-C,14.61,2026-05-22
SKU-00461,Item-00461,BR-D,131.38,2026-05-15
SKU-00356,Item-00356,BR-A,88.12,2026-05-25
SKU-00367,Item-00367,BR-A,51.17,2026-05-17
SKU-00355,Item-00355,BR-B,172.46,2026-05-12
SKU-00821,Item-00821,BR-D,160.93,2026-05-29
SKU-00823,Item-00823,BR-A,108.07,2026-05-30
SKU-00402,Item-00402,BR-C,97.63,2026-05-20
SKU-00619,Item-00619,BR-D,27.37,2026-05-09
SKU-00376,Item-00376,BR-A,35.59,2026-05-06
SKU-00448,Item-00448,BR-E,161.3,2026-05-14
SKU-00385,Item-00385,BR-B,25.19,2026-05-24
SKU-00423,Item-00423,BR-D,146.24,2026-05-20
SKU-00621,Item-00621,BR-B,195.37,2026-05-14
SKU-00755,Item-00755,BR-E,146.91,2026-05-29
SKU-00895,Item-00895,BR-D,63.8,2026-05-15
SKU-00722,Item-00722,BR-C,39.58,2026-05-18
SKU-00707,Item-00707,BR-B,204.47,2026-05-21
SKU-00843,Item-00843,BR-C,224.69,2026-05-30
SKU-00413,Item-00413,BR-A,129.36,2026-05-16
SKU-00435,Item-00435,BR-C,110.93,2026-05-17
SKU-00755,Item-00755,BR-A,150.85,2026-05-16
SKU-00851,Item-00851,BR-D,151.25,2026-05-23
SKU-00722,Item-00722,BR-D,26.43,2026-05-13
SKU-00832,Item-00832,BR-A,108.65,2026-05-22
SKU-00528,Item-00528,BR-D,139.91,2026-05-13
SKU-00437,Item-00437,BR-A,240.74,2026-05-06
SKU-00852,Item-00852,BR-B,64.15,2026-05-16
SKU-00615,Item-00615,BR-E,101.69,2026-05-20
SKU-00719,Item-00719,BR-B,71.89,2026-05-21
SKU-00552,Item-00552,BR-B,186.12,2026-05-24
SKU-00412,Item-00412,BR-B,184.91,2026-05-10
SKU-00386,Item-00386,BR-C,89.88,2026-05-17
SKU-00452,Item-00452,BR-C,140.7,2026-05-25
SKU-00651,Item-00651,BR-A,76.04,2026-05-18
SKU-00452,Item-00452,BR-C,104.48,2026-05-24
SKU-00692,Item-00692,BR-E,50.46,2026-05-02
SKU-00658,Item-00658,BR-A,120.7,2026-05-25
SKU-00377,Item-00377,BR-C,277.38,2026-05-20
SKU-00441,Item-00441,BR-E,117.53,2026-05-05
SKU-00830,Item-00830,BR-B,24.31,2026-05-29
SKU-00439,Item-00439,BR-D,42.8,2026-05-16
SKU-00377,Item-00377,BR-C,225.1,2026-05-10
SKU-00447,Item-00447,BR-B,161.0,2026-05-16
SKU-00348,Item-00348,BR-B,103.66,2026-05-06
SKU-00487,Item-00487,BR-B,169.68,2026-05-21
SKU-00769,Item-00769,BR-E,23.4,2026-05-05
SKU-00382,Item-00382,BR-A,63.17,2026-05-06
SKU-00595,Item-00595,BR-C,235.16,2026-05-20
SKU-00325,Item-00325,BR-A,97.12,2026-05-04
SKU-00793,Item-00793,BR-B,76.61,2026-05-18
SKU-00596,Item-00596,BR-A,153.93,2026-05-21
SKU-00889,Item-00889,BR-C,11.34,2026-05-06
SKU-00420,Item-00420,BR-A,30.86,2026-05-25
SKU-00802,Item-00802,BR-A,18.09,2026-05-14
SKU-00488,Item-00488,BR-C,342.0,2026-05-23
SKU-00393,Item-00393,BR-C,89.13,2026-05-18
SKU-00709,Item-00709,BR-C,15.47,2026-05-22
SKU-00647,Item-00647,BR-A,142.05,2026-05-19
SKU-00697,Item-00697,BR-A,13.63,2026-05-06
SKU-00831,Item-00831,BR-C,96.6,2026-05-25
SKU-00800,Item-00800,BR-C,243.14,2026-05-26
SKU-00369,Item-00369,BR-E,390.61,2026-05-03
SKU-00376,Item-00376,BR-B,37.44,2026-05-12
SKU-00596,Item-00596,BR-B,163.66,2026-05-04
SKU-00395,Item-00395,BR-B,78.44,2026-05-02
SKU-00748,Item-00748,BR-C,90.15,2026-05-29
SKU-00842,Item-00842,BR-B,194.29,2026-05-21
SKU-00881,Item-00881,BR-A,53.25,2026-05-20
SKU-00392,Item-00392,BR-A,170.25,2026-05-08
SKU-00787,Item-00787,BR-E,115.86,2026-05-17
SKU-00643,Item-00643,BR-A,38.11,2026-05-15
SKU-00354,Item-00354,BR-D,135.41,2026-05-20
SKU-00515,Item-00515,BR-A,122.9,2026-05-15
SKU-00736,Item-00736,BR-A,6.26,2026-05-19
SKU-00458,Item-00458,BR-D,51.56,2026-05-05
SKU-00872,Item-00872,BR-D,90.55,2026-05-09
SKU-00340,Item-00340,BR-E,242.98,2026-05-04
SKU-00754,Item-00754,BR-C,85.94,2026-05-03
SKU-00550,Item-00550,BR-E,125.0,2026-05-11
SKU-00854,Item-00854,BR-B,210.75,2026-05-12
SKU-00652,Item-00652,BR-B,84.19,2026-05-08
SKU-00849,Item-00849,BR-A,184.33,2026-05-04
SKU-00808,Item-00808,BR-D,116.33,2026-05-02
SKU-00590,Item-00590,BR-B,20.97,2026-05-02
SKU-00311,Item-00311,BR-D,7.31,2026-05-20
SKU-00661,Item-00661,BR-A,151.4,2026-05-09
SKU-00305,Item-00305,BR-C,87.58,2026-05-04
SKU-00745,Item-00745,BR-E,69.33,2026-05-08
SKU-00531,Item-00531,BR-E,24.2,2026-05-20
SKU-00487,Item-00487,BR-A,64.7,2026-05-09
SKU-00839,Item-00839,BR-E,88.32,2026-05-18
SKU-00658,Item-00658,BR-A,306.65,2026-05-17
SKU-00587,Item-00587,BR-D,207.81,2026-05-27
SKU-00526,Item-00526,BR-D,71.99,2026-05-13
SKU-00312,Item-00312,BR-D,33.64,2026-05-14
SKU-00337,Item-00337,BR-B,182.17,2026-05-05
SKU-00452,Item-00452,BR-B,175.96,2026-05-06
SKU-00546,Item-00546,BR-C,102.02,2026-05-22
SKU-00809,Item-00809,BR-B,98.48,2026-05-20
SKU-00436,Item-00436,BR-C,12.63,2026-05-18
SKU-00849,Item-00849,BR-D,109.28,2026-05-13
SKU-00669,Item-00669,BR-D,200.67,2026-05-24
SKU-00777,Item-00777,BR-E,71.34,2026-05-04
SKU-00495,Item-00495,BR-A,158.86,2026-05-17
SKU-00516,Item-00516,BR-E,125.06,2026-05-02
SKU-00702,Item-00702,BR-D,187.42,2026-05-14
SKU-00821,Item-00821,BR-E,112.27,2026-05-15
SKU-00618,Item-00618,BR-E,292.63,2026-05-25
SKU-00549,Item-00549,BR-D,131.76,2026-05-01
SKU-00742,Item-00742,BR-A,290.34,2026-05-16
SKU-00667,Item-00667,BR-A,13.63,2026-05-26
SKU-00606,Item-00606,BR-A,175.37,2026-05-18
SKU-00303,Item-00303,BR-A,22.68,2026-05-12
SKU-00307,Item-00307,BR-A,230.03,2026-05-07
SKU-00680,Item-00680,BR-B,47.07,2026-05-21
SKU-00869,Item-00869,BR-C,32.01,2026-05-13
SKU-00371,Item-00371,BR-C,110.79,2026-05-24
SKU-00753,Item-00753,BR-E,164.88,2026-05-28
SKU-00763,Item-00763,BR-D,13.44,2026-05-24
SKU-00503,Item-00503,BR-B,130.32,2026-05-19
SKU-00824,Item-00824,BR-A,118.87,2026-05-12
SKU-00537,Item-00537,BR-C,145.91,2026-05-14
SKU-00495,Item-00495,BR-D,171.14,2026-05-06
SKU-00636,Item-00636,BR-E,8.15,2026-05-24
SKU-00308,Item-00308,BR-A,54.08,2026-05-19
SKU-00621,Item-00621,BR-E,111.05,2026-05-24
SKU-00822,Item-00822,BR-C,16.03,2026-05-27
SKU-00615,Item-00615,BR-C,75.67,2026-05-08
SKU-00620,Item-00620,BR-B,18.84,2026-05-03
SKU-00462,Item-00462,BR-B,98.8,2026-05-11
SKU-00446,Item-00446,BR-E,27.39,2026-05-24
SKU-00814,Item-00814,BR-B,74.49,2026-05-05
SKU-00852,Item-00852,BR-D,37.52,2026-05-04
SKU-00344,Item-00344,BR-A,64.24,2026-05-20
SKU-00334,Item-00334,BR-A,6.92,2026-05-21
SKU-00661,Item-00661,BR-D,141.69,2026-05-10
SKU-00387,Item-00387,BR-C,90.77,2026-05-25
SKU-00515,Item-00515,BR-A,87.09,2026-05-11
SKU-00817,Item-00817,BR-E,115.39,2026-05-27
SKU-00634,Item-00634,BR-D,195.44,2026-05-20
SKU-00801,Item-00801,BR-C,155.41,2026-05-01
SKU-00857,Item-00857,BR-C,98.24,2026-05-22
SKU-00703,Item-00703,BR-B,106.44,2026-05-28
SKU-00413,Item-00413,BR-C,162.59,2026-05-27
SKU-00544,Item-00544,BR-C,6.33,2026-05-12
SKU-00627,Item-00627,BR-D,154.25,2026-05-06
SKU-00315,Item-00315,BR-D,31.74,2026-05-16
SKU-00871,Item-00871,BR-E,83.61,2026-05-07
SKU-00699,Item-00699,BR-B,111.47,2026-05-12
SKU-00488,Item-00488,BR-D,347.27,2026-05-15
SKU-00590,Item-00590,BR-E,24.71,2026-05-18
SKU-00609,Item-00609,BR-C,143.47,2026-05-28
SKU-00318,Item-00318,BR-C,63.69,2026-05-28
SKU-00591,Item-00591,BR-C,48.83,2026-05-28
SKU-00472,Item-00472,BR-C,311.55,2026-05-15
SKU-00823,Item-00823,BR-B,125.95,2026-05-04
SKU-00517,Item-00517,BR-A,9.41,2026-05-01
SKU-00538,Item-00538,BR-D,163.48,2026-05-21
SKU-00655,Item-00655,BR-C,56.55,2026-05-21
SKU-00539,Item-00539,BR-B,188.19,2026-05-26
SKU-00301,Item-00301,BR-A,175.65,2026-05-27
SKU-00772,Item-00772,BR-E,133.59,2026-05-27
SKU-00727,Item-00727,BR-A,147.06,2026-05-07
SKU-00812,Item-00812,BR-A,61.57,2026-05-17
SKU-00628,Item-00628,BR-A,64.59,2026-05-23
SKU-00372,Item-00372,BR-C,98.91,2026-05-29
SKU-00408,Item-00408,BR-E,132.75,2026-05-06
SKU-00471,Item-00471,BR-A,138.61,2026-05-03
SKU-00662,Item-00662,BR-B,110.59,2026-05-03
SKU-00381,Item-00381,BR-D,173.17,2026-05-23
SKU-00753,Item-00753,BR-E,162.51,2026-05-10
SKU-00778,Item-00778,BR-A,14.1,2026-05-06
SKU-00444,Item-00444,BR-C,53.82,2026-05-03
SKU-00763,Item-00763,BR-D,9.0,2026-05-22
SKU-00589,Item-00589,BR-E,27.82,2026-05-20
SKU-00483,Item-00483,BR-B,118.98,2026-05-08
SKU-00719,Item-00719,BR-A,97.16,2026-05-16
SKU-00319,Item-00319,BR-D,167.91,2026-05-01
SKU-00730,Item-00730,BR-D,128.85,2026-05-20
SKU-00690,Item-00690,BR-C,85.22,2026-05-28
SKU-00871,Item-00871,BR-B,165.21,2026-05-06
SKU-00634,Item-00634,BR-E,132.61,2026-05-30
SKU-00388,Item-00388,BR-E,43.61,2026-05-26
SKU-00309,Item-00309,BR-A,39.67,2026-05-10
SKU-00561,Item-00561,BR-C,159.75,2026-05-14
SKU-00385,Item-00385,BR-B,22.54,2026-05-01
SKU-00855,Item-00855,BR-C,134.22,2026-05-08
SKU-00425,Item-00425,BR-C,315.95,2026-05-05
SKU-00767,Item-00767,BR-C,132.8,2026-05-20
SKU-00419,Item-00419,BR-E,119.35,2026-05-12
SKU-00585,Item-00585,BR-C,40.68,2026-05-01
SKU-00721,Item-00721,BR-B,172.27,2026-05-26
SKU-00435,Item-00435,BR-D,77.82,2026-05-21
SKU-00705,Item-00705,BR-A,95.28,2026-05-27
SKU-00495,Item-00495,BR-B,248.72,2026-05-08
SKU-00323,Item-00323,BR-B,138.49,2026-05-18
SKU-00491,Item-00491,BR-B,112.23,2026-05-26
SKU-00823,Item-00823,BR-C,93.21,2026-05-04
SKU-00512,Item-00512,BR-C,198.67,2026-05-27
SKU-00758,Item-00758,BR-C,101.78,2026-05-30
SKU-00529,Item-00529,BR-B,119.0,2026-05-02
SKU-00515,Item-00515,BR-E,66.41,2026-05-14
SKU-00478,Item-00478,BR-A,283.22,2026-05-02
SKU-00432,Item-00432,BR-C,67.41,2026-05-08
SKU-00349,Item-00349,BR-E,97.06,2026-05-13
SKU-00477,Item-00477,BR-E,34.12,2026-05-22
SKU-00718,Item-00718,BR-C,72.02,2026-05-16
SKU-00317,Item-00317,BR-D,17.74,2026-05-13
SKU-00479,Item-00479,BR-A,20.1,2026-05-16
SKU-00563,Item-00563,BR-B,179.98,2026-05-19
SKU-00406,Item-00406,BR-E,30.41,2026-05-12
SKU-00881,Item-00881,BR-C,46.01,2026-05-01
SKU-00557,Item-00557,BR-C,175.82,2026-05-14
SKU-00630,Item-00630,BR-C,60.48,2026-05-24
SKU-00451,Item-00451,BR-E,49.29,2026-05-20
SKU-00814,Item-00814,BR-E,143.18,2026-05-03
SKU-00411,Item-00411,BR-E,23.53,2026-05-02
SKU-00314,Item-00314,BR-D,174.85,2026-05-18
SKU-00313,Item-00313,BR-A,170.48,2026-05-05
SKU-00334,Item-00334,BR-B,4.76,2026-05-29
SKU-00776,Item-00776,BR-D,100.22,2026-05-04
SKU-00721,Item-00721,BR-B,244.82,2026-05-06
SKU-00563,Item-00563,BR-C,223.08,2026-05-29
SKU-00330,Item-00330,BR-D,143.12,2026-05-15
SKU-00841,Item-00841,BR-E,110.39,2026-05-26
SKU-00681,Item-00681,BR-E,17.8,2026-05-15
SKU-00803,Item-00803,BR-C,18.47,2026-05-22
SKU-00421,Item-00421,BR-C,227.53,2026-05-17
SKU-00322,Item-00322,BR-D,139.46,2026-05-04
SKU-00466,Item-00466,BR-A,322.58,2026-05-25
SKU-00781,Item-00781,BR-B,93.0,2026-05-04
SKU-00610,Item-00610,BR-C,108.32,2026-05-08
SKU-00435,Item-00435,BR-E,43.77,2026-05-21
SKU-00335,Item-00335,BR-C,210.51,2026-05-07
SKU-00887,Item-00887,BR-C,124.59,2026-05-01
SKU-00796,Item-00796,BR-A,160.32,2026-05-14
SKU-00312,Item-00312,BR-E,42.87,2026-05-04
SKU-00576,Item-00576,BR-E,91.67,2026-05-30
SKU-00539,Item-00539,BR-A,130.46,2026-05-13
SKU-00337,Item-00337,BR-C,112.03,2026-05-25
SKU-00354,Item-00354,BR-D,63.07,2026-05-27
SKU-00723,Item-00723,BR-D,81.87,2026-05-06
SKU-00544,Item-00544,BR-E,7.96,2026-05-05
SKU-00715,Item-00715,BR-B,283.1,2026-05-23
SKU-00686,Item-00686,BR-A,43.88,2026-05-26
SKU-00521,Item-00521,BR-E,176.27,2026-05-25
SKU-00582,Item-00582,BR-B,68.99,2026-05-10
SKU-00308,Item-00308,BR-C,55.38,2026-05-12
SKU-00375,Item-00375,BR-C,97.29,2026-05-20
SKU-00833,Item-00833,BR-B,176.61,2026-05-20
SKU-00893,Item-00893,BR-A,79.16,2026-05-03
SKU-00467,Item-00467,BR-E,87.24,2026-05-03
SKU-00878,Item-00878,BR-A,45.1,2026-05-03
SKU-00890,Item-00890,BR-E,113.57,2026-05-21
SKU-00419,Item-00419,BR-D,131.24,2026-05-17
SKU-00638,Item-00638,BR-E,177.86,2026-05-04
SKU-00459,Item-00459,BR-A,187.26,2026-05-24
SKU-00590,Item-00590,BR-C,24.07,2026-05-13
SKU-00669,Item-00669,BR-D,241.32,2026-05-28
SKU-00793,Item-00793,BR-C,103.84,2026-05-17
SKU-00489,Item-00489,BR-C,113.31,2026-05-05
SKU-00852,Item-00852,BR-A,24.45,2026-05-04
SKU-00486,Item-00486,BR-E,84.98,2026-05-09
SKU-00582,Item-00582,BR-C,45.58,2026-05-06
SKU-00700,Item-00700,BR-C,90.44,2026-05-23
SKU-00612,Item-00612,BR-E,76.83,2026-05-09
SKU-00742,Item-00742,BR-C,136.6,2026-05-24
SKU-00569,Item-00569,BR-C,14.14,2026-05-26
SKU-00517,Item-00517,BR-A,10.56,2026-05-08
SKU-00841,Item-00841,BR-B,52.06,2026-05-25
SKU-00562,Item-00562,BR-D,156.21,2026-05-13
SKU-00530,Item-00530,BR-B,215.73,2026-05-30
SKU-00335,Item-00335,BR-E,103.33,2026-05-27
SKU-00386,Item-00386,BR-B,78.66,2026-05-24
SKU-00744,Item-00744,BR-A,39.1,2026-05-05
SKU-00656,Item-00656,BR-A,117.61,2026-05-25
SKU-00786,Item-00786,BR-C,40.74,2026-05-04
SKU-00874,Item-00874,BR-C,241.21,2026-05-23
SKU-00523,Item-00523,BR-B,48.82,2026-05-01
SKU-00505,Item-00505,BR-C,79.22,2026-05-15
SKU-00421,Item-00421,BR-E,205.61,2026-05-12
SKU-00616,Item-00616,BR-B,65.0,2026-05-25
SKU-00751,Item-00751,BR-C,255.1,2026-05-04
SKU-00875,Item-00875,BR-D,76.23,2026-05-18
SKU-00622,Item-00622,BR-B,179.75,2026-05-06
SKU-00821,Item-00821,BR-C,164.0,2026-05-18
SKU-00625,Item-00625,BR-A,90.6,2026-05-16
SKU-00661,Item-00661,BR-E,187.14,2026-05-20
SKU-00453,Item-00453,BR-D,103.62,2026-05-22
SKU-00352,Item-00352,BR-A,187.74,2026-05-13
SKU-00425,Item-00425,BR-A,107.07,2026-05-29
SKU-00409,Item-00409,BR-A,43.55,2026-05-10
SKU-00809,Item-00809,BR-E,262.46,2026-05-16
SKU-00536,Item-00536,BR-D,113.46,2026-05-05
SKU-00421,Item-00421,BR-D,173.01,2026-05-16
SKU-00548,Item-00548,BR-E,42.13,2026-05-02
SKU-00382,Item-00382,BR-D,169.0,2026-05-14
SKU-00433,Item-00433,BR-E,218.39,2026-05-30
SKU-00354,Item-00354,BR-D,131.35,2026-05-22
SKU-00808,Item-00808,BR-D,128.51,2026-05-09
SKU-00368,Item-00368,BR-D,85.93,2026-05-13
SKU-00573,Item-00573,BR-E,133.02,2026-05-22
SKU-00837,Item-00837,BR-E,185.44,2026-05-26
SKU-00620,Item-00620,BR-C,22.28,2026-05-02
SKU-00580,Item-00580,BR-E,88.65,2026-05-10
SKU-00663,Item-00663,BR-B,117.69,2026-05-24
SKU-00600,Item-00600,BR-C,104.64,2026-05-29
SKU-00482,Item-00482,BR-D,24.21,2026-05-15
SKU-00544,Item-00544,BR-A,4.73,2026-05-27
SKU-00577,Item-00577,BR-A,27.91,2026-05-07
SKU-00487,Item-00487,BR-A,90.17,2026-05-18
SKU-00412,Item-00412,BR-E,147.0,2026-05-28
SKU-00701,Item-00701,BR-B,105.81,2026-05-17
SKU-00650,Item-00650,BR-D,125.55,2026-05-30
SKU-00797,Item-00797,BR-A,19.65,2026-05-13
SKU-00817,Item-00817,BR-E,89.75,2026-05-08
SKU-00610,Item-00610,BR-B,155.04,2026-05-12
SKU-00490,Item-00490,BR-E,196.93,2026-05-01
SKU-00317,Item-00317,BR-C,15.43,2026-05-07
SKU-00704,Item-00704,BR-B,101.62,2026-05-06
SKU-00636,Item-00636,BR-E,12.75,2026-05-17
SKU-00489,Item-00489,BR-A,77.52,2026-05-23
SKU-00862,Item-00862,BR-C,129.1,2026-05-15
SKU-00565,Item-00565,BR-B,41.98,2026-05-26
SKU-00620,Item-00620,BR-D,13.11,2026-05-25
SKU-00685,Item-00685,BR-B,52.28,2026-05-07
SKU-00547,Item-00547,BR-B,102.02,2026-05-04
SKU-00416,Item-00416,BR-E,136.37,2026-05-20
SKU-00654,Item-00654,BR-B,97.13,2026-05-16
SKU-00591,Item-00591,BR-E,104.32,2026-05-07
SKU-00537,Item-00537,BR-C,108.24,2026-05-17
SKU-00560,Item-00560,BR-C,78.21,2026-05-18
SKU-00520,Item-00520,BR-E,100.44,2026-05-10
SKU-00898,Item-00898,BR-A,136.52,2026-05-17
SKU-00427,Item-00427,BR-C,178.76,2026-05-07
SKU-00739,Item-00739,BR-A,39.63,2026-05-21
SKU-00632,Item-00632,BR-A,59.78,2026-05-06
SKU-00576,Item-00576,BR-B,161.04,2026-05-13
SKU-00684,Item-00684,BR-E,111.43,2026-05-07
SKU-00551,Item-00551,BR-C,135.77,2026-05-14
SKU-00861,Item-00861,BR-C,177.95,2026-05-28
SKU-00578,Item-00578,BR-E,42.6,2026-05-17
SKU-00577,Item-00577,BR-D,13.12,2026-05-20
SKU-00764,Item-00764,BR-B,94.79,2026-05-05
SKU-00810,Item-00810,BR-D,48.94,2026-05-01
SKU-00325,Item-00325,BR-C,209.85,2026-05-02
SKU-00841,Item-00841,BR-D,58.7,2026-05-16
SKU-00542,Item-00542,BR-D,222.53,2026-05-17
SKU-00646,Item-00646,BR-D,140.32,2026-05-29
SKU-00673,Item-00673,BR-B,10.36,2026-05-29
SKU-00469,Item-00469,BR-A,135.72,2026-05-04
SKU-00830,Item-00830,BR-A,25.83,2026-05-27
SKU-00634,Item-00634,BR-C,279.84,2026-05-11
SKU-00437,Item-00437,BR-A,299.45,2026-05-21
SKU-00441,Item-00441,BR-A,211.91,2026-05-19
SKU-00619,Item-00619,BR-D,12.34,2026-05-04
SKU-00785,Item-00785,BR-E,49.52,2026-05-15
SKU-00731,Item-00731,BR-E,38.39,2026-05-15
SKU-00327,Item-00327,BR-D,13.9,2026-05-26
SKU-00638,Item-00638,BR-B,251.74,2026-05-22
SKU-00427,Item-00427,BR-E,208.83,2026-05-20
SKU-00836,Item-00836,BR-D,129.87,2026-05-29
SKU-00566,Item-00566,BR-B,185.04,2026-05-19
SKU-00691,Item-00691,BR-E,112.82,2026-05-11
SKU-00485,Item-00485,BR-A,248.15,2026-05-06
SKU-00706,Item-00706,BR-D,106.58,2026-05-18
SKU-00582,Item-00582,BR-A,55.32,2026-05-26
SKU-00360,Item-00360,BR-E,25.29,2026-05-24
SKU-00328,Item-00328,BR-D,29.59,2026-05-14
SKU-00350,Item-00350,BR-A,234.16,2026-05-23
SKU-00561,Item-00561,BR-A,289.88,2026-05-26
SKU-00748,Item-00748,BR-E,84.34,2026-05-09
SKU-00456,Item-00456,BR-C,362.44,2026-05-08
SKU-00553,Item-00553,BR-C,148.26,2026-05-19
SKU-00627,Item-00627,BR-C,124.89,2026-05-05
SKU-00482,Item-00482,BR-A,21.74,2026-05-09
SKU-00700,Item-00700,BR-C,129.57,2026-05-16
SKU-00683,Item-00683,BR-E,166.18,2026-05-22
SKU-00785,Item-00785,BR-C,32.11,2026-05-10
SKU-00426,Item-00426,BR-B,113.44,2026-05-27
SKU-00544,Item-00544,BR-D,4.85,2026-05-06
SKU-00702,Item-00702,BR-E,256.87,2026-05-16
SKU-00665,Item-00665,BR-B,96.9,2026-05-21
SKU-00407,Item-00407,BR-B,197.85,2026-05-26
SKU-00537,Item-00537,BR-B,112.94,2026-05-30
SKU-00391,Item-00391,BR-D,195.42,2026-05-09
SKU-00837,Item-00837,BR-A,155.21,2026-05-25
SKU-00453,Item-00453,BR-C,105.06,2026-05-16
SKU-00613,Item-00613,BR-E,63.18,2026-05-07
SKU-00484,Item-00484,BR-C,85.19,2026-05-13
SKU-00533,Item-00533,BR-E,133.13,2026-05-01
SKU-00840,Item-00840,BR-C,83.17,2026-05-25
SKU-00701,Item-00701,BR-A,102.4,2026-05-08
SKU-00705,Item-00705,BR-A,78.33,2026-05-19
SKU-00565,Item-00565,BR-E,45.66,2026-05-25
SKU-00307,Item-00307,BR-D,122.27,2026-05-06
SKU-00510,Item-00510,BR-E,103.61,2026-05-03
SKU-00416,Item-00416,BR-B,129.71,2026-05-11
SKU-00762,Item-00762,BR-E,272.68,2026-05-04
SKU-00313,Item-00313,BR-B,94.39,2026-05-09
SKU-00304,Item-00304,BR-A,49.91,2026-05-18
SKU-00385,Item-00385,BR-C,41.34,2026-05-30
SKU-00630,Item-00630,BR-C,26.73,2026-05-09
SKU-00718,Item-00718,BR-D,64.29,2026-05-28
SKU-00596,Item-00596,BR-A,166.84,2026-05-18
SKU-00404,Item-00404,BR-C,51.03,2026-05-17
SKU-00779,Item-00779,BR-B,82.83,2026-05-14
SKU-00538,Item-00538,BR-C,174.13,2026-05-29
SKU-00382,Item-00382,BR-B,64.93,2026-05-06
SKU-00539,Item-00539,BR-E,142.36,2026-05-19
SKU-00417,Item-00417,BR-E,12.91,2026-05-04
SKU-00719,Item-00719,BR-D,80.82,2026-05-20
SKU-00894,Item-00894,BR-D,172.1,2026-05-23
SKU-00864,Item-00864,BR-A,44.39,2026-05-10
SKU-00870,Item-00870,BR-A,156.27,2026-05-21
SKU-00553,Item-00553,BR-B,174.03,2026-05-05
SKU-00401,Item-00401,BR-C,13.35,2026-05-22
SKU-00473,Item-00473,BR-C,23.69,2026-05-27
SKU-00808,Item-00808,BR-C,189.23,2026-05-17
SKU-00792,Item-00792,BR-E,106.43,2026-05-18
SKU-00659,Item-00659,BR-C,5.36,2026-05-02
SKU-00514,Item-00514,BR-C,37.7,2026-05-15
SKU-00769,Item-00769,BR-E,22.57,2026-05-18
SKU-00807,Item-00807,BR-E,80.75,2026-05-15
SKU-00825,Item-00825,BR-D,52.47,2026-05-21
SKU-00530,Item-00530,BR-E,147.76,2026-05-20
SKU-00526,Item-00526,BR-E,74.88,2026-05-20
SKU-00638,Item-00638,BR-D,110.01,2026-05-07
SKU-00625,Item-00625,BR-B,57.87,2026-05-30
SKU-00399,Item-00399,BR-A,142.57,2026-05-14
SKU-00842,Item-00842,BR-A,123.41,2026-05-30
SKU-00533,Item-00533,BR-B,86.93,2026-05-07
SKU-00596,Item-00596,BR-E,152.98,2026-05-23
SKU-00438,Item-00438,BR-C,155.37,2026-05-26
SKU-00415,Item-00415,BR-A,174.0,2026-05-13
SKU-00491,Item-00491,BR-E,362.64,2026-05-29
SKU-00408,Item-00408,BR-A,46.31,2026-05-26
SKU-00373,Item-00373,BR-D,95.11,2026-05-09
SKU-00327,Item-00327,BR-B,32.34,2026-05-25
SKU-00710,Item-00710,BR-B,166.48,2026-05-18
SKU-00321,Item-00321,BR-D,117.71,2026-05-27
SKU-00816,Item-00816,BR-E,66.83,2026-05-17
SKU-00451,Item-00451,BR-A,118.92,2026-05-04
SKU-00474,Item-00474,BR-A,182.4,2026-05-09
SKU-00595,Item-00595,BR-A,258.35,2026-05-03
SKU-00727,Item-00727,BR-D,185.75,2026-05-03
SKU-00649,Item-00649,BR-A,142.44,2026-05-16
SKU-00639,Item-00639,BR-D,3.77,2026-05-21
SKU-00535,Item-00535,BR-C,141.74,2026-05-27
SKU-00489,Item-00489,BR-E,73.23,2026-05-19
SKU-00538,Item-00538,BR-E,161.88,2026-05-21
SKU-00459,Item-00459,BR-B,156.74,2026-05-28
SKU-00712,Item-00712,BR-B,83.52,2026-05-27
SKU-00472,Item-00472,BR-D,118.21,2026-05-15
SKU-00407,Item-00407,BR-E,185.0,2026-05-04
SKU-00731,Item-00731,BR-C,41.31,2026-05-22
SKU-00753,Item-00753,BR-B,93.85,2026-05-05
SKU-00559,Item-00559,BR-A,100.4,2026-05-25
SKU-00342,Item-00342,BR-A,153.97,2026-05-12
SKU-00595,Item-00595,BR-A,159.79,2026-05-28
SKU-00691,Item-00691,BR-D,250.51,2026-05-16
SKU-00450,Item-00450,BR-D,344.93,2026-05-11
SKU-00525,Item-00525,BR-B,209.03,2026-05-07
SKU-00693,Item-00693,BR-C,115.54,2026-05-09
SKU-00412,Item-00412,BR-C,106.88,2026-05-03
SKU-00677,Item-00677,BR-E,52.03,2026-05-06
SKU-00561,Item-00561,BR-A,173.28,2026-05-05
SKU-00820,Item-00820,BR-B,86.15,2026-05-09
SKU-00608,Item-00608,BR-C,46.66,2026-05-19
SKU-00346,Item-00346,BR-D,51.64,2026-05-02
SKU-00594,Item-00594,BR-E,117.79,2026-05-14
SKU-00609,Item-00609,BR-C,112.67,2026-05-11
SKU-00775,Item-00775,BR-A,129.95,2026-05-23
SKU-00538,Item-00538,BR-A,82.87,2026-05-17
SKU-00508,Item-00508,BR-C,46.01,2026-05-30
SKU-00850,Item-00850,BR-C,49.07,2026-05-25
SKU-00343,Item-00343,BR-D,96.71,2026-05-06
SKU-00828,Item-00828,BR-B,100.88,2026-05-23
SKU-00800,Item-00800,BR-E,194.65,2026-05-02
SKU-00311,Item-00311,BR-A,14.96,2026-05-14
SKU-00844,Item-00844,BR-E,205.74,2026-05-02
SKU-00530,Item-00530,BR-D,272.73,2026-05-20
SKU-00686,Item-00686,BR-C,72.83,2026-05-05
SKU-00418,Item-00418,BR-D,266.04,2026-05-17
SKU-00474,Item-00474,BR-E,148.07,2026-05-26
SKU-00765,Item-00765,BR-E,148.47,2026-05-28
SKU-00628,Item-00628,BR-E,102.29,2026-05-28
SKU-00670,Item-00670,BR-D,121.86,2026-05-22
SKU-00505,Item-00505,BR-A,112.38,2026-05-22
SKU-00713,Item-00713,BR-A,113.8,2026-05-19
SKU-00593,Item-00593,BR-E,79.1,2026-05-17
SKU-00423,Item-00423,BR-A,88.81,2026-05-10
SKU-00616,Item-00616,BR-D,47.27,2026-05-12
SKU-00803,Item-00803,BR-B,12.89,2026-05-18
SKU-00575,Item-00575,BR-E,81.28,2026-05-05
SKU-00305,Item-00305,BR-B,94.59,2026-05-16
SKU-00353,Item-00353,BR-D,103.95,2026-05-28
SKU-00694,Item-00694,BR-A,207.46,2026-05-25
SKU-00541,Item-00541,BR-B,269.07,2026-05-12
SKU-00360,Item-00360,BR-E,34.76,2026-05-24
SKU-00670,Item-00670,BR-D,76.39,2026-05-05
SKU-00489,Item-00489,BR-B,143.34,2026-05-02
SKU-00393,Item-00393,BR-D,105.33,2026-05-13
SKU-00844,Item-00844,BR-E,144.92,2026-05-02
SKU-00889,Item-00889,BR-A,11.6,2026-05-10
SKU-00866,Item-00866,BR-B,273.86,2026-05-27
SKU-00339,Item-00339,BR-D,30.99,2026-05-25
SKU-00640,Item-00640,BR-D,141.23,2026-05-15
SKU-00824,Item-00824,BR-C,58.73,2026-05-23
SKU-00516,Item-00516,BR-E,279.78,2026-05-16
SKU-00753,Item-00753,BR-A,117.94,2026-05-07
SKU-00350,Item-00350,BR-E,112.92,2026-05-15
SKU-00341,Item-00341,BR-A,178.48,2026-05-16
SKU-00569,Item-00569,BR-A,28.04,2026-05-04
SKU-00748,Item-00748,BR-E,117.46,2026-05-16
SKU-00575,Item-00575,BR-B,49.49,2026-05-04
SKU-00670,Item-00670,BR-D,182.26,2026-05-25
SKU-00681,Item-00681,BR-A,11.92,2026-05-04
SKU-00824,Item-00824,BR-D,178.1,2026-05-20
SKU-00874,Item-00874,BR-B,102.5,2026-05-12
SKU-00387,Item-00387,BR-D,169.66,2026-05-17
SKU-00719,Item-00719,BR-A,86.55,2026-05-18
SKU-00659,Item-00659,BR-C,8.58,2026-05-08
SKU-00364,Item-00364,BR-B,52.69,2026-05-12
SKU-00631,Item-00631,BR-C,101.21,2026-05-07
SKU-00760,Item-00760,BR-B,21.72,2026-05-23
SKU-00633,Item-00633,BR-D,97.14,2026-05-23
SKU-00601,Item-00601,BR-B,76.18,2026-05-05
SKU-00672,Item-00672,BR-E,52.2,2026-05-27
SKU-00725,Item-00725,BR-D,206.3,2026-05-29
SKU-00389,Item-00389,BR-A,26.65,2026-05-30
SKU-00403,Item-00403,BR-A,85.04,2026-05-01
SKU-00530,Item-00530,BR-B,182.66,2026-05-06
SKU-00556,Item-00556,BR-C,25.7,2026-05-23
SKU-00806,Item-00806,BR-C,230.61,2026-05-23
SKU-00644,Item-00644,BR-D,48.85,2026-05-16
SKU-00620,Item-00620,BR-A,19.44,2026-05-13
SKU-00526,Item-00526,BR-E,46.47,2026-05-30
SKU-00692,Item-00692,BR-B,40.2,2026-05-30
SKU-00800,Item-00800,BR-B,255.05,2026-05-27
SKU-00569,Item-00569,BR-B,21.85,2026-05-23
SKU-00351,Item-00351,BR-E,124.96,2026-05-02
SKU-00770,Item-00770,BR-E,161.38,2026-05-01
SKU-00659,Item-00659,BR-A,3.25,2026-05-15
SKU-00372,Item-00372,BR-A,176.68,2026-05-03
SKU-00723,Item-00723,BR-C,74.62,2026-05-19
SKU-00846,Item-00846,BR-C,21.54,2026-05-12
SKU-00506,Item-00506,BR-B,154.71,2026-05-18
SKU-00534,Item-00534,BR-C,106.32,2026-05-09
SKU-00640,Item-00640,BR-A,121.67,2026-05-06
SKU-00846,Item-00846,BR-A,26.55,2026-05-09
SKU-00840,Item-00840,BR-D,106.48,2026-05-15
SKU-00768,Item-00768,BR-E,249.17,2026-05-22
SKU-00490,Item-00490,BR-C,145.46,2026-05-13
SKU-00573,Item-00573,BR-E,245.98,2026-05-30
SKU-00744,Item-00744,BR-B,71.34,2026-05-19
SKU-00892,Item-00892,BR-D,74.37,2026-05-23
SKU-00732,Item-00732,BR-D,43.54,2026-05-27
SKU-00356,Item-00356,BR-A,47.51,2026-05-09
SKU-00473,Item-00473,BR-C,12.44,2026-05-24
SKU-00876,Item-00876,BR-B,146.52,2026-05-17
SKU-00497,Item-00497,BR-B,38.79,2026-05-06
SKU-00685,Item-00685,BR-D,79.3,2026-05-20
SKU-00368,Item-00368,BR-D,58.04,2026-05-15
SKU-00461,Item-00461,BR-E,121.7,2026-05-08
SKU-00745,Item-00745,BR-E,84.28,2026-05-14
SKU-00320,Item-00320,BR-B,241.96,2026-05-08
SKU-00376,Item-00376,BR-D,17.58,2026-05-23
SKU-00485,Item-00485,BR-C,189.69,2026-05-22
SKU-00311,Item-00311,BR-B,18.46,2026-05-29
SKU-00792,Item-00792,BR-D,108.92,2026-05-16
SKU-00417,Item-00417,BR-B,27.27,2026-05-27
SKU-00522,Item-00522,BR-E,73.54,2026-05-15
SKU-00332,Item-00332,BR-C,125.61,2026-05-22
SKU-00857,Item-00857,BR-D,225.93,2026-05-16
SKU-00844,Item-00844,BR-D,151.46,2026-05-22
SKU-00575,Item-00575,BR-B,45.04,2026-05-26
SKU-00453,Item-00453,BR-B,86.05,2026-05-11
SKU-00550,Item-00550,BR-C,46.55,2026-05-17
SKU-00783,Item-00783,BR-A,197.39,2026-05-25
SKU-00342,Item-00342,BR-E,126.11,2026-05-05
SKU-00367,Item-00367,BR-D,80.34,2026-05-30
SKU-00528,Item-00528,BR-B,163.04,2026-05-23
SKU-00834,Item-00834,BR-C,17.31,2026-05-16
SKU-00602,Item-00602,BR-E,12.64,2026-05-29
SKU-00382,Item-00382,BR-D,63.9,2026-05-25
SKU-00450,Item-00450,BR-C,164.65,2026-05-16
SKU-00583,Item-00583,BR-C,167.1,2026-05-19
SKU-00416,Item-00416,BR-B,68.59,2026-05-14
SKU-00321,Item-00321,BR-B,103.94,2026-05-04
SKU-00877,Item-00877,BR-A,67.78,2026-05-26
SKU-00635,Item-00635,BR-E,10.72,2026-05-07
SKU-00825,Item-00825,BR-C,58.17,2026-05-05
SKU-00896,Item-00896,BR-E,170.68,2026-05-28
SKU-00416,Item-00416,BR-E,115.26,2026-05-08
SKU-00309,Item-00309,BR-E,61.17,2026-05-26
SKU-00604,Item-00604,BR-D,12.58,2026-05-16
SKU-00786,Item-00786,BR-B,38.93,2026-05-27
SKU-00850,Item-00850,BR-C,46.39,2026-05-15
SKU-00771,Item-00771,BR-C,121.41,2026-05-22
SKU-00564,Item-00564,BR-A,16.56,2026-05-11
SKU-00550,Item-00550,BR-B,107.75,2026-05-22
SKU-00554,Item-00554,BR-B,36.33,2026-05-01
SKU-00703,Item-00703,BR-E,146.32,2026-05-28
SKU-00612,Item-00612,BR-B,132.07,2026-05-01
SKU-00465,Item-00465,BR-C,234.83,2026-05-03
SKU-00481,Item-00481,BR-D,70.51,2026-05-26
SKU-00704,Item-00704,BR-D,51.59,2026-05-12
SKU-00717,Item-00717,BR-D,173.53,2026-05-13
SKU-00828,Item-00828,BR-E,130.01,2026-05-17
SKU-00666,Item-00666,BR-C,81.82,2026-05-29
SKU-00355,Item-00355,BR-A,182.41,2026-05-14
SKU-00358,Item-00358,BR-D,284.6,2026-05-26
SKU-00809,Item-00809,BR-A,225.43,2026-05-24
SKU-00629,Item-00629,BR-C,40.55,2026-05-11
SKU-00407,Item-00407,BR-C,112.19,2026-05-09
SKU-00481,Item-00481,BR-B,108.8,2026-05-03
SKU-00614,Item-00614,BR-C,53.19,2026-05-08
SKU-00869,Item-00869,BR-B,21.22,2026-05-17
SKU-00366,Item-00366,BR-C,46.22,2026-05-01
SKU-00412,Item-00412,BR-A,160.05,2026-05-22
SKU-00610,Item-00610,BR-C,232.48,2026-05-04
SKU-00730,Item-00730,BR-C,273.36,2026-05-24
SKU-00336,Item-00336,BR-E,80.75,2026-05-13
SKU-00532,Item-00532,BR-C,187.07,2026-05-26
SKU-00447,Item-00447,BR-D,147.59,2026-05-12
SKU-00627,Item-00627,BR-D,204.16,2026-05-10
SKU-00806,Item-00806,BR-D,248.85,2026-05-27
SKU-00624,Item-00624,BR-E,136.67,2026-05-16
SKU-00437,Item-00437,BR-B,81.32,2026-05-22
SKU-00388,Item-00388,BR-D,36.13,2026-05-14
SKU-00831,Item-00831,BR-C,87.51,2026-05-15
SKU-00807,Item-00807,BR-D,112.5,2026-05-02
SKU-00436,Item-00436,BR-E,32.61,2026-05-15
SKU-00758,Item-00758,BR-C,50.14,2026-05-25
SKU-00754,Item-00754,BR-E,183.12,2026-05-04
SKU-00494,Item-00494,BR-D,126.04,2026-05-03
SKU-00394,Item-00394,BR-D,46.81,2026-05-11
SKU-00484,Item-00484,BR-B,244.04,2026-05-25
SKU-00873,Item-00873,BR-D,147.51,2026-05-21
SKU-00384,Item-00384,BR-E,62.24,2026-05-29
SKU-00779,Item-00779,BR-C,119.82,2026-05-21
SKU-00765,Item-00765,BR-B,302.27,2026-05-07
SKU-00380,Item-00380,BR-C,24.17,2026-05-28
SKU-00324,Item-00324,BR-D,69.22,2026-05-17
SKU-00886,Item-00886,BR-C,39.6,2026-05-22
SKU-00868,Item-00868,BR-C,176.13,2026-05-15
SKU-00900,Item-00900,BR-C,189.69,2026-05-07
SKU-00581,Item-00581,BR-A,178.11,2026-05-29
SKU-00718,Item-00718,BR-C,93.28,2026-05-21
SKU-00857,Item-00857,BR-C,117.57,2026-05-15
SKU-00460,Item-00460,BR-A,217.59,2026-05-09
SKU-00772,Item-00772,BR-C,58.61,2026-05-23
SKU-00317,Item-00317,BR-B,18.18,2026-05-29
SKU-00720,Item-00720,BR-A,177.01,2026-05-02
SKU-00585,Item-00585,BR-D,27.06,2026-05-03
SKU-00436,Item-00436,BR-B,35.08,2026-05-18
SKU-00781,Item-00781,BR-B,110.7,2026-05-28
SKU-00832,Item-00832,BR-C,141.02,2026-05-14
SKU-00656,Item-00656,BR-B,152.7,2026-05-19
SKU-00363,Item-00363,BR-E,91.11,2026-05-16
SKU-00750,Item-00750,BR-C,96.93,2026-05-17
SKU-00733,Item-00733,BR-D,129.34,2026-05-19
SKU-00704,Item-00704,BR-A,114.16,2026-05-28
SKU-00406,Item-00406,BR-D,14.07,2026-05-09
SKU-00591,Item-00591,BR-B,110.6,2026-05-28
SKU-00652,Item-00652,BR-A,58.27,2026-05-27
SKU-00783,Item-00783,BR-A,226.8,2026-05-21
SKU-00743,Item-00743,BR-A,164.71,2026-05-09
SKU-00676,Item-00676,BR-B,18.11,2026-05-23
SKU-00770,Item-00770,BR-B,116.27,2026-05-16
SKU-00583,Item-00583,BR-B,358.7,2026-05-18
SKU-00425,Item-00425,BR-B,109.53,2026-05-10
SKU-00547,Item-00547,BR-E,111.96,2026-05-28
SKU-00357,Item-00357,BR-E,191.82,2026-05-12
SKU-00494,Item-00494,BR-D,87.42,2026-05-06
SKU-00728,Item-00728,BR-A,40.12,2026-05-30
SKU-00734,Item-00734,BR-D,111.47,2026-05-17
SKU-00696,Item-00696,BR-A,92.04,2026-05-22
SKU-00564,Item-00564,BR-B,12.08,2026-05-28
SKU-00602,Item-00602,BR-E,20.79,2026-05-29
SKU-00332,Item-00332,BR-B,119.32,2026-05-07
SKU-00740,Item-00740,BR-C,134.12,2026-05-01
SKU-00622,Item-00622,BR-B,177.39,2026-05-17
SKU-00364,Item-00364,BR-B,73.43,2026-05-04
SKU-00653,Item-00653,BR-D,180.02,2026-05-29
SKU-00365,Item-00365,BR-E,55.97,2026-05-15
SKU-00456,Item-00456,BR-B,281.81,2026-05-29
SKU-00596,Item-00596,BR-C,105.57,2026-05-02
SKU-00755,Item-00755,BR-A,123.0,2026-05-17
SKU-00505,Item-00505,BR-C,69.77,2026-05-12
SKU-00598,Item-00598,BR-D,16.83,2026-05-18
SKU-00868,Item-00868,BR-C,282.47,2026-05-24
SKU-00770,Item-00770,BR-D,113.83,2026-05-19
SKU-00537,Item-00537,BR-C,260.11,2026-05-30
SKU-00797,Item-00797,BR-B,43.69,2026-05-06
SKU-00412,Item-00412,BR-E,216.79,2026-05-16
SKU-00566,Item-00566,BR-B,148.42,2026-05-24
SKU-00386,Item-00386,BR-D,80.74,2026-05-12
SKU-00672,Item-00672,BR-A,60.42,2026-05-30
SKU-00821,Item-00821,BR-C,86.4,2026-05-19
SKU-00900,Item-00900,BR-E,277.35,2026-05-01
SKU-00412,Item-00412,BR-A,107.17,2026-05-19
SKU-00341,Item-00341,BR-A,199.74,2026-05-20
SKU-00897,Item-00897,BR-A,73.98,2026-05-09
SKU-00875,Item-00875,BR-E,46.54,2026-05-07
SKU-00338,Item-00338,BR-D,168.7,2026-05-16
SKU-00368,Item-00368,BR-E,90.68,2026-05-26
SKU-00798,Item-00798,BR-A,81.66,2026-05-22
SKU-00682,Item-00682,BR-E,189.53,2026-05-17
SKU-00474,Item-00474,BR-A,96.47,2026-05-13
SKU-00592,Item-00592,BR-B,141.14,2026-05-25
SKU-00783,Item-00783,BR-C,106.74,2026-05-16
SKU-00823,Item-00823,BR-B,129.44,2026-05-05
SKU-00407,Item-00407,BR-C,180.98,2026-05-30
SKU-00502,Item-00502,BR-B,81.54,2026-05-29
SKU-00338,Item-00338,BR-A,146.69,2026-05-25
SKU-00694,Item-00694,BR-E,143.84,2026-05-15
SKU-00478,Item-00478,BR-B,113.23,2026-05-20
SKU-00595,Item-00595,BR-B,159.76,2026-05-27
SKU-00636,Item-00636,BR-D,7.77,2026-05-18
SKU-00454,Item-00454,BR-B,142.93,2026-05-07
SKU-00373,Item-00373,BR-E,266.44,2026-05-21
SKU-00564,Item-00564,BR-C,16.86,2026-05-13
SKU-00344,Item-00344,BR-C,55.62,2026-05-13
SKU-00505,Item-00505,BR-C,130.68,2026-05-14
SKU-00867,Item-00867,BR-E,108.88,2026-05-16
SKU-00769,Item-00769,BR-A,9.26,2026-05-14
SKU-00702,Item-00702,BR-C,161.15,2026-05-30
SKU-00328,Item-00328,BR-A,17.95,2026-05-24
SKU-00611,Item-00611,BR-A,98.11,2026-05-15
SKU-00413,Item-00413,BR-C,78.85,2026-05-01
SKU-00626,Item-00626,BR-C,192.57,2026-05-27
SKU-00388,Item-00388,BR-B,35.98,2026-05-23
SKU-00568,Item-00568,BR-E,155.28,2026-05-19
SKU-00453,Item-00453,BR-B,74.9,2026-05-29
SKU-00860,Item-00860,BR-A,174.69,2026-05-12
SKU-00820,Item-00820,BR-C,145.9,2026-05-20
SKU-00388,Item-00388,BR-E,31.34,2026-05-22
SKU-00453,Item-00453,BR-A,128.83,2026-05-27
SKU-00740,Item-00740,BR-A,158.57,2026-05-18
SKU-00542,Item-00542,BR-C,272.45,2026-05-14
SKU-00453,Item-00453,BR-D,118.65,2026-05-24
SKU-00706,Item-00706,BR-A,101.74,2026-05-03
SKU-00845,Item-00845,BR-D,46.13,2026-05-11
SKU-00336,Item-00336,BR-E,75.06,2026-05-18
SKU-00716,Item-00716,BR-A,15.89,2026-05-28
SKU-00562,Item-00562,BR-A,195.13,2026-05-01
SKU-00537,Item-00537,BR-C,209.88,2026-05-02
SKU-00819,Item-00819,BR-B,110.5,2026-05-10
SKU-00720,Item-00720,BR-C,127.73,2026-05-12
SKU-00345,Item-00345,BR-D,145.97,2026-05-03
SKU-00878,Item-00878,BR-E,58.09,2026-05-24
SKU-00857,Item-00857,BR-B,155.38,2026-05-08
SKU-00314,Item-00314,BR-A,193.21,2026-05-19
SKU-00754,Item-00754,BR-A,128.57,2026-05-05
SKU-00671,Item-00671,BR-D,92.1,2026-05-03
SKU-00559,Item-00559,BR-C,109.63,2026-05-07
SKU-00593,Item-00593,BR-B,113.64,2026-05-28
SKU-00715,Item-00715,BR-D,163.47,2026-05-24
SKU-00409,Item-00409,BR-A,35.75,2026-05-01
SKU-00487,Item-00487,BR-D,173.64,2026-05-14
SKU-00378,Item-00378,BR-C,79.46,2026-05-17
SKU-00676,Item-00676,BR-D,16.14,2026-05-08
SKU-00507,Item-00507,BR-C,128.6,2026-05-08
SKU-00496,Item-00496,BR-C,61.21,2026-05-19
SKU-00494,Item-00494,BR-A,91.48,2026-05-05
SKU-00448,Item-00448,BR-A,165.87,2026-05-17
SKU-00399,Item-00399,BR-A,160.93,2026-05-16
SKU-00879,Item-00879,BR-A,92.48,2026-05-22
SKU-00755,Item-00755,BR-E,150.7,2026-05-27
SKU-00754,Item-00754,BR-E,98.18,2026-05-13
SKU-00547,Item-00547,BR-E,189.72,2026-05-05
SKU-00568,Item-00568,BR-E,110.71,2026-05-21
SKU-00491,Item-00491,BR-E,165.89,2026-05-03
SKU-00636,Item-00636,BR-E,11.06,2026-05-18
SKU-00599,Item-00599,BR-B,116.58,2026-05-28
SKU-00421,Item-00421,BR-B,167.2,2026-05-24
SKU-00488,Item-00488,BR-E,243.77,2026-05-19
SKU-00397,Item-00397,BR-C,249.59,2026-05-15
SKU-00345,Item-00345,BR-C,191.61,2026-05-08
SKU-00515,Item-00515,BR-B,78.98,2026-05-23
SKU-00668,Item-00668,BR-C,106.07,2026-05-09
SKU-00600,Item-00600,BR-B,129.08,2026-05-02
SKU-00778,Item-00778,BR-E,21.66,2026-05-27
SKU-00326,Item-00326,BR-C,61.81,2026-05-18
SKU-00898,Item-00898,BR-E,128.12,2026-05-09
SKU-00354,Item-00354,BR-E,89.98,2026-05-21
SKU-00773,Item-00773,BR-B,203.83,2026-05-07
SKU-00712,Item-00712,BR-E,45.28,2026-05-02
SKU-00776,Item-00776,BR-B,60.46,2026-05-26
SKU-00524,Item-00524,BR-C,132.62,2026-05-16
SKU-00593,Item-00593,BR-A,138.15,2026-05-01
SKU-00609,Item-00609,BR-D,79.88,2026-05-11
SKU-00720,Item-00720,BR-B,253.81,2026-05-02
SKU-00424,Item-00424,BR-E,131.17,2026-05-11
SKU-00392,Item-00392,BR-B,120.23,2026-05-13
SKU-00494,Item-00494,BR-C,64.35,2026-05-04
SKU-00480,Item-00480,BR-E,7.21,2026-05-26
SKU-00453,Item-00453,BR-B,119.15,2026-05-18
SKU-00414,Item-00414,BR-C,142.77,2026-05-14
SKU-00595,Item-00595,BR-B,171.58,2026-05-17
SKU-00624,Item-00624,BR-A,128.5,2026-05-01
SKU-00615,Item-00615,BR-D,58.53,2026-05-25
SKU-00310,Item-00310,BR-B,151.05,2026-05-11
SKU-00321,Item-00321,BR-A,76.01,2026-05-01
SKU-00352,Item-00352,BR-A,243.12,2026-05-26
SKU-00573,Item-00573,BR-E,78.06,2026-05-12
SKU-00819,Item-00819,BR-B,161.14,2026-05-28
SKU-00386,Item-00386,BR-C,39.74,2026-05-18
SKU-00301,Item-00301,BR-E,117.78,2026-05-02
SKU-00698,Item-00698,BR-D,240.44,2026-05-23
SKU-00532,Item-00532,BR-C,117.52,2026-05-09
SKU-00360,Item-00360,BR-A,16.6,2026-05-22
SKU-00659,Item-00659,BR-B,10.12,2026-05-26
SKU-00865,Item-00865,BR-D,12.97,2026-05-05
SKU-00390,Item-00390,BR-D,27.67,2026-05-24
SKU-00317,Item-00317,BR-D,30.31,2026-05-11
SKU-00478,Item-00478,BR-B,227.86,2026-05-09
SKU-00860,Item-00860,BR-E,225.31,2026-05-19
SKU-00424,Item-00424,BR-D,132.87,2026-05-19
SKU-00596,Item-00596,BR-A,155.13,2026-05-18
SKU-00776,Item-00776,BR-A,70.83,2026-05-05
SKU-00657,Item-00657,BR-A,15.52,2026-05-25
SKU-00645,Item-00645,BR-C,87.76,2026-05-27
SKU-00744,Item-00744,BR-D,62.19,2026-05-08
SKU-00327,Item-00327,BR-C,16.4,2026-05-25
SKU-00654,Item-00654,BR-E,108.02,2026-05-22
SKU-00365,Item-00365,BR-E,125.74,2026-05-08
SKU-00440,Item-00440,BR-C,39.56,2026-05-07
SKU-00627,Item-00627,BR-A,382.03,2026-05-12
SKU-00392,Item-00392,BR-A,125.32,2026-05-29
SKU-00825,Item-00825,BR-A,34.74,2026-05-26
SKU-00843,Item-00843,BR-C,227.21,2026-05-11
SKU-00738,Item-00738,BR-D,104.5,2026-05-19
SKU-00885,Item-00885,BR-B,144.35,2026-05-03
SKU-00891,Item-00891,BR-D,148.91,2026-05-13
SKU-00512,Item-00512,BR-E,132.03,2026-05-02
SKU-00462,Item-00462,BR-E,68.15,2026-05-26
SKU-00750,Item-00750,BR-D,92.18,2026-05-17
SKU-00878,Item-00878,BR-A,30.21,2026-05-18
SKU-00812,Item-00812,BR-C,60.63,2026-05-19
SKU-00897,Item-00897,BR-B,104.3,2026-05-24
SKU-00319,Item-00319,BR-A,166.73,2026-05-08
SKU-00366,Item-00366,BR-E,36.07,2026-05-18
SKU-00870,Item-00870,BR-B,101.03,2026-05-05
SKU-00489,Item-00489,BR-A,155.78,2026-05-12
SKU-00430,Item-00430,BR-A,151.31,2026-05-17
SKU-00699,Item-00699,BR-A,137.37,2026-05-29
SKU-00538,Item-00538,BR-D,301.43,2026-05-03
SKU-00698,Item-00698,BR-E,141.29,2026-05-05
SKU-00753,Item-00753,BR-B,111.79,2026-05-12
SKU-00805,Item-00805,BR-D,203.17,2026-05-18
SKU-00561,Item-00561,BR-A,141.63,2026-05-27
SKU-00485,Item-00485,BR-E,250.0,2026-05-17
SKU-00429,Item-00429,BR-D,70.07,2026-05-27
SKU-00307,Item-00307,BR-D,142.19,2026-05-06
SKU-00747,Item-00747,BR-D,46.47,2026-05-28
SKU-00615,Item-00615,BR-A,151.95,2026-05-23
SKU-00773,Item-00773,BR-E,211.48,2026-05-30
SKU-00345,Item-00345,BR-C,148.04,2026-05-17
SKU-00466,Item-00466,BR-C,235.13,2026-05-29
SKU-00751,Item-00751,BR-B,138.07,2026-05-20
SKU-00667,Item-00667,BR-C,28.45,2026-05-16
SKU-00372,Item-00372,BR-D,117.18,2026-05-13
SKU-00774,Item-00774,BR-B,102.25,2026-05-05
SKU-00669,Item-00669,BR-D,237.71,2026-05-11
SKU-00645,Item-00645,BR-A,96.17,2026-05-20
SKU-00818,Item-00818,BR-B,32.72,2026-05-02
SKU-00654,Item-00654,BR-B,63.13,2026-05-28
SKU-00543,Item-00543,BR-A,148.53,2026-05-22
SKU-00555,Item-00555,BR-A,62.64,2026-05-30
SKU-00690,Item-00690,BR-C,95.75,2026-05-08
SKU-00816,Item-00816,BR-E,77.65,2026-05-20
SKU-00407,Item-00407,BR-D,154.33,2026-05-03
SKU-00826,Item-00826,BR-D,105.36,2026-05-22
SKU-00722,Item-00722,BR-D,47.74,2026-05-04
SKU-00763,Item-00763,BR-C,13.41,2026-05-28
SKU-00347,Item-00347,BR-E,48.3,2026-05-13
SKU-00411,Item-00411,BR-B,27.16,2026-05-30
SKU-00878,Item-00878,BR-B,32.6,2026-05-22
SKU-00895,Item-00895,BR-C,50.62,2026-05-02
SKU-00605,Item-00605,BR-C,178.96,2026-05-12
SKU-00358,Item-00358,BR-A,167.28,2026-05-07
SKU-00309,Item-00309,BR-D,86.59,2026-05-20
SKU-00832,Item-00832,BR-C,155.29,2026-05-27
SKU-00584,Item-00584,BR-E,46.28,2026-05-14
SKU-00628,Item-00628,BR-E,79.15,2026-05-26
SKU-00498,Item-00498,BR-C,158.95,2026-05-09
SKU-00868,Item-00868,BR-D,234.69,2026-05-18
SKU-00571,Item-00571,BR-A,238.65,2026-05-01
SKU-00754,Item-00754,BR-E,93.49,2026-05-22
SKU-00495,Item-00495,BR-A,151.87,2026-05-03
SKU-00415,Item-00415,BR-E,144.19,2026-05-02
SKU-00742,Item-00742,BR-A,259.48,2026-05-30
SKU-00383,Item-00383,BR-D,64.05,2026-05-09
SKU-00709,Item-00709,BR-D,12.15,2026-05-29
SKU-00810,Item-00810,BR-C,48.0,2026-05-02
SKU-00363,Item-00363,BR-E,42.77,2026-05-02
SKU-00365,Item-00365,BR-E,77.78,2026-05-01
SKU-00709,Item-00709,BR-B,6.16,2026-05-20
SKU-00309,Item-00309,BR-D,75.61,2026-05-29
SKU-00305,Item-00305,BR-E,36.97,2026-05-10
SKU-00468,Item-00468,BR-B,53.9,2026-05-21
SKU-00724,Item-00724,BR-B,141.92,2026-05-10
SKU-00647,Item-00647,BR-A,170.06,2026-05-02
SKU-00791,Item-00791,BR-E,272.8,2026-05-21
SKU-00660,Item-00660,BR-E,92.85,2026-05-03
SKU-00534,Item-00534,BR-E,171.51,2026-05-05
SKU-00327,Item-00327,BR-D,34.06,2026-05-22
SKU-00555,Item-00555,BR-C,51.43,2026-05-14
SKU-00426,Item-00426,BR-E,213.74,2026-05-23
SKU-00782,Item-00782,BR-A,91.42,2026-05-27
SKU-00792,Item-00792,BR-C,138.59,2026-05-30
SKU-00734,Item-00734,BR-B,99.52,2026-05-24
SKU-00878,Item-00878,BR-E,38.86,2026-05-27
SKU-00576,Item-00576,BR-D,179.38,2026-05-25
SKU-00887,Item-00887,BR-B,211.4,2026-05-16
SKU-00630,Item-00630,BR-D,39.33,2026-05-27
SKU-00710,Item-00710,BR-E,168.51,2026-05-25
SKU-00565,Item-00565,BR-A,56.63,2026-05-01
SKU-00389,Item-00389,BR-C,19.51,2026-05-01
SKU-00589,Item-00589,BR-A,51.48,2026-05-07
SKU-00533,Item-00533,BR-D,146.4,2026-05-04
SKU-00475,Item-00475,BR-E,111.56,2026-05-08
SKU-00423,Item-00423,BR-E,117.44,2026-05-11
SKU-00759,Item-00759,BR-A,15.73,2026-05-14
SKU-00389,Item-00389,BR-E,29.13,2026-05-12
SKU-00888,Item-00888,BR-C,206.06,2026-05-08
SKU-00633,Item-00633,BR-B,124.18,2026-05-01
SKU-00608,Item-00608,BR-B,55.0,2026-05-12
SKU-00900,Item-00900,BR-E,272.72,2026-05-09
SKU-00582,Item-00582,BR-A,38.69,2026-05-19
SKU-00896,Item-00896,BR-C,112.27,2026-05-22
SKU-00831,Item-00831,BR-B,112.93,2026-05-26
SKU-00614,Item-00614,BR-E,124.54,2026-05-24
SKU-00737,Item-00737,BR-B,258.07,2026-05-20
SKU-00791,Item-00791,BR-D,186.8,2026-05-04
SKU-00855,Item-00855,BR-E,106.16,2026-05-21
SKU-00644,Item-00644,BR-B,95.51,2026-05-03
SKU-00335,Item-00335,BR-B,167.13,2026-05-18
SKU-00728,Item-00728,BR-C,77.92,2026-05-09
SKU-00798,Item-00798,BR-A,154.96,2026-05-10
SKU-00671,Item-00671,BR-B,211.28,2026-05-05
SKU-00547,Item-00547,BR-C,60.58,2026-05-02
SKU-00815,Item-00815,BR-E,92.51,2026-05-28
SKU-00613,Item-00613,BR-B,89.63,2026-05-16
SKU-00842,Item-00842,BR-B,142.9,2026-05-19
SKU-00832,Item-00832,BR-D,255.66,2026-05-15
SKU-00889,Item-00889,BR-E,15.71,2026-05-12
SKU-00425,Item-00425,BR-B,153.79,2026-05-27
SKU-00462,Item-00462,BR-E,72.18,2026-05-21
SKU-00813,Item-00813,BR-D,86.9,2026-05-12
SKU-00817,Item-00817,BR-D,58.88,2026-05-08
SKU-00685,Item-00685,BR-B,68.38,2026-05-17
SKU-00595,Item-00595,BR-E,142.33,2026-05-21
SKU-00565,Item-00565,BR-C,52.08,2026-05-15
SKU-00529,Item-00529,BR-E,347.4,2026-05-17
SKU-00331,Item-00331,BR-C,53.51,2026-05-11
SKU-00399,Item-00399,BR-A,107.63,2026-05-27
SKU-00377,Item-00377,BR-E,302.36,2026-05-26
SKU-00320,Item-00320,BR-A,86.11,2026-05-29
SKU-00354,Item-00354,BR-B,76.36,2026-05-22
SKU-00787,Item-00787,BR-C,149.74,2026-05-06
SKU-00843,Item-00843,BR-D,140.0,2026-05-10
SKU-00864,Item-00864,BR-D,47.55,2026-05-29
SKU-00546,Item-00546,BR-D,270.72,2026-05-23
SKU-00343,Item-00343,BR-B,87.72,2026-05-21
SKU-00678,Item-00678,BR-C,99.02,2026-05-17
SKU-00373,Item-00373,BR-C,239.16,2026-05-15
SKU-00472,Item-00472,BR-D,136.35,2026-05-04
SKU-00515,Item-00515,BR-E,164.9,2026-05-05
SKU-00417,Item-00417,BR-D,28.14,2026-05-08
SKU-00713,Item-00713,BR-A,75.62,2026-05-28
SKU-00852,Item-00852,BR-E,39.27,2026-05-09
SKU-00859,Item-00859,BR-D,61.21,2026-05-03
SKU-00763,Item-00763,BR-B,8.7,2026-05-01
SKU-00718,Item-00718,BR-B,66.12,2026-05-01
SKU-00775,Item-00775,BR-B,125.41,2026-05-11
SKU-00823,Item-00823,BR-C,102.33,2026-05-26
SKU-00431,Item-00431,BR-E,147.98,2026-05-09
SKU-00552,Item-00552,BR-C,217.43,2026-05-26
SKU-00639,Item-00639,BR-A,2.75,2026-05-19
SKU-00306,Item-00306,BR-C,79.19,2026-05-23
SKU-00592,Item-00592,BR-C,98.65,2026-05-15
SKU-00539,Item-00539,BR-C,104.0,2026-05-29
SKU-00694,Item-00694,BR-E,161.36,2026-05-22
SKU-00466,Item-00466,BR-D,121.26,2026-05-12
SKU-00562,Item-00562,BR-A,194.56,2026-05-05
SKU-00483,Item-00483,BR-E,46.47,2026-05-03
SKU-00523,Item-00523,BR-D,39.05,2026-05-20
SKU-00893,Item-00893,BR-E,59.8,2026-05-30
SKU-00522,Item-00522,BR-E,179.79,2026-05-27
SKU-00587,Item-00587,BR-C,212.15,2026-05-06
SKU-00450,Item-00450,BR-D,240.48,2026-05-01
SKU-00762,Item-00762,BR-E,112.34,2026-05-15
SKU-00714,Item-00714,BR-C,148.67,2026-05-25
SKU-00304,Item-00304,BR-D,29.92,2026-05-08
SKU-00680,Item-00680,BR-E,66.84,2026-05-30
SKU-00553,Item-00553,BR-A,125.01,2026-05-17
SKU-00624,Item-00624,BR-A,110.09,2026-05-24
SKU-00303,Item-00303,BR-C,21.14,2026-05-03
SKU-00404,Item-00404,BR-B,42.38,2026-05-25
SKU-00761,Item-00761,BR-C,332.72,2026-05-29
SKU-00588,Item-00588,BR-D,122.47,2026-05-13
SKU-00634,Item-00634,BR-C,122.34,2026-05-22
SKU-00365,Item-00365,BR-E,50.58,2026-05-11
SKU-00584,Item-00584,BR-E,37.59,2026-05-01
SKU-00849,Item-00849,BR-C,255.9,2026-05-03
SKU-00670,Item-00670,BR-C,209.12,2026-05-15
SKU-00683,Item-00683,BR-A,210.29,2026-05-28
SKU-00680,Item-00680,BR-B,31.46,2026-05-10
SKU-00457,Item-00457,BR-B,127.3,2026-05-21
SKU-00534,Item-00534,BR-B,124.96,2026-05-16
SKU-00597,Item-00597,BR-E,40.27,2026-05-20
SKU-00735,Item-00735,BR-E,227.79,2026-05-30
SKU-00513,Item-00513,BR-C,112.25,2026-05-18
SKU-00766,Item-00766,BR-D,42.39,2026-05-22
SKU-00758,Item-00758,BR-D,118.46,2026-05-06
SKU-00831,Item-00831,BR-D,111.47,2026-05-27
SKU-00653,Item-00653,BR-B,178.98,2026-05-18
SKU-00379,Item-00379,BR-E,185.56,2026-05-18
SKU-00663,Item-00663,BR-D,80.05,2026-05-15
SKU-00463,Item-00463,BR-A,47.98,2026-05-18
SKU-00469,Item-00469,BR-B,111.31,2026-05-12
SKU-00424,Item-00424,BR-C,183.98,2026-05-29
SKU-00899,Item-00899,BR-B,157.06,2026-05-15
SKU-00542,Item-00542,BR-A,221.84,2026-05-01
SKU-00567,Item-00567,BR-E,29.41,2026-05-06
SKU-00797,Item-00797,BR-B,47.82,2026-05-14
SKU-00315,Item-00315,BR-A,23.11,2026-05-12
SKU-00746,Item-00746,BR-D,183.11,2026-05-24
SKU-00367,Item-00367,BR-A,85.12,2026-05-09
SKU-00858,Item-00858,BR-C,184.6,2026-05-21
SKU-00497,Item-00497,BR-E,100.82,2026-05-08
SKU-00831,Item-00831,BR-A,81.68,2026-05-04
SKU-00593,Item-00593,BR-D,115.66,2026-05-13
SKU-00583,Item-00583,BR-E,118.63,2026-05-11
SKU-00409,Item-00409,BR-A,33.24,2026-05-30
SKU-00888,Item-00888,BR-D,132.99,2026-05-22
SKU-00508,Item-00508,BR-A,37.57,2026-05-04
SKU-00372,Item-00372,BR-B,127.44,2026-05-11
SKU-00308,Item-00308,BR-E,57.24,2026-05-24
SKU-00721,Item-00721,BR-A,216.77,2026-05-23
SKU-00654,Item-00654,BR-E,57.58,2026-05-16
SKU-00789,Item-00789,BR-D,62.91,2026-05-13
SKU-00596,Item-00596,BR-A,130.28,2026-05-13
SKU-00483,Item-00483,BR-C,59.82,2026-05-09
SKU-00669,Item-00669,BR-C,239.83,2026-05-05
SKU-00847,Item-00847,BR-A,169.75,2026-05-30
SKU-00500,Item-00500,BR-D,33.74,2026-05-27
SKU-00740,Item-00740,BR-A,153.12,2026-05-27
SKU-00876,Item-00876,BR-B,260.13,2026-05-01
SKU-00409,Item-00409,BR-C,37.19,2026-05-22
SKU-00348,Item-00348,BR-B,154.65,2026-05-08
SKU-00707,Item-00707,BR-C,216.46,2026-05-23
SKU-00788,Item-00788,BR-D,14.99,2026-05-02
SKU-00669,Item-00669,BR-B,177.11,2026-05-22
SKU-00811,Item-00811,BR-C,123.79,2026-05-11
SKU-00614,Item-00614,BR-D,128.91,2026-05-02
SKU-00422,Item-00422,BR-C,128.16,2026-05-01
SKU-00802,Item-00802,BR-C,19.53,2026-05-20
SKU-00522,Item-00522,BR-C,139.4,2026-05-19
SKU-00797,Item-00797,BR-E,37.13,2026-05-04
SKU-00714,Item-00714,BR-D,209.2,2026-05-03
SKU-00591,Item-00591,BR-C,58.05,2026-05-26
SKU-00532,Item-00532,BR-B,149.64,2026-05-09
SKU-00823,Item-00823,BR-E,238.71,2026-05-27
SKU-00463,Item-00463,BR-D,70.39,2026-05-11
SKU-00818,Item-00818,BR-E,56.76,2026-05-13
SKU-00629,Item-00629,BR-C,51.61,2026-05-05
SKU-00794,Item-00794,BR-B,57.89,2026-05-09
SKU-00418,Item-00418,BR-D,212.22,2026-05-20
SKU-00574,Item-00574,BR-B,13.17,2026-05-11
SKU-00319,Item-00319,BR-C,140.23,2026-05-01
SKU-00697,Item-00697,BR-A,6.77,2026-05-17
SKU-00807,Item-00807,BR-D,95.57,2026-05-17
SKU-00431,Item-00431,BR-E,96.88,2026-05-21
SKU-00354,Item-00354,BR-A,101.15,2026-05-07
SKU-00537,Item-00537,BR-E,153.3,2026-05-20
SKU-00483,Item-00483,BR-C,98.9,2026-05-23
SKU-00710,Item-00710,BR-D,174.73,2026-05-12
SKU-00802,Item-00802,BR-A,20.82,2026-05-08
SKU-00426,Item-00426,BR-D,156.96,2026-05-08
SKU-00756,Item-00756,BR-E,251.86,2026-05-02
SKU-00526,Item-00526,BR-D,69.12,2026-05-28
SKU-00588,Item-00588,BR-B,130.64,2026-05-06
SKU-00464,Item-00464,BR-E,48.53,2026-05-07
SKU-00722,Item-00722,BR-E,19.9,2026-05-04
SKU-00788,Item-00788,BR-E,18.46,2026-05-02
SKU-00499,Item-00499,BR-A,116.04,2026-05-09
SKU-00384,Item-00384,BR-C,56.03,2026-05-19
SKU-00797,Item-00797,BR-C,38.21,2026-05-18
SKU-00765,Item-00765,BR-C,287.21,2026-05-07
SKU-00497,Item-00497,BR-A,120.2,2026-05-21
SKU-00550,Item-00550,BR-E,62.02,2026-05-30
SKU-00389,Item-00389,BR-C,20.13,2026-05-21
SKU-00459,Item-00459,BR-A,127.2,2026-05-14
SKU-00403,Item-00403,BR-D,52.98,2026-05-16
SKU-00596,Item-00596,BR-D,85.78,2026-05-03
SKU-00316,Item-00316,BR-E,94.84,2026-05-28
SKU-00602,Item-00602,BR-E,22.77,2026-05-03
SKU-00494,Item-00494,BR-B,68.71,2026-05-18
SKU-00679,Item-00679,BR-D,143.26,2026-05-12
SKU-00857,Item-00857,BR-E,193.24,2026-05-04
SKU-00883,Item-00883,BR-D,138.52,2026-05-21
SKU-00546,Item-00546,BR-A,149.88,2026-05-29
SKU-00731,Item-00731,BR-E,58.3,2026-05-05
SKU-00754,Item-00754,BR-B,155.22,2026-05-19
SKU-00717,Item-00717,BR-D,122.79,2026-05-19
SKU-00370,Item-00370,BR-B,36.21,2026-05-27
SKU-00463,Item-00463,BR-E,88.37,2026-05-30
SKU-00374,Item-00374,BR-D,60.43,2026-05-16
SKU-00519,Item-00519,BR-C,144.36,2026-05-05
SKU-00311,Item-00311,BR-C,18.02,2026-05-25
SKU-00526,Item-00526,BR-A,35.5,2026-05-19
SKU-00329,Item-00329,BR-D,161.89,2026-05-17
SKU-00481,Item-00481,BR-C,70.93,2026-05-07
SKU-00522,Item-00522,BR-C,89.45,2026-05-16
SKU-00365,Item-00365,BR-E,41.37,2026-05-16
SKU-00529,Item-00529,BR-C,161.27,2026-05-06
SKU-00478,Item-00478,BR-A,246.07,2026-05-18
SKU-00311,Item-00311,BR-E,7.12,2026-05-26
SKU-00377,Item-00377,BR-D,300.45,2026-05-26
SKU-00817,Item-00817,BR-D,37.2,2026-05-14
SKU-00850,Item-00850,BR-D,43.39,2026-05-09
SKU-00545,Item-00545,BR-E,20.77,2026-05-12
SKU-00468,Item-00468,BR-B,70.29,2026-05-06
SKU-00364,Item-00364,BR-B,110.68,2026-05-02
SKU-00372,Item-00372,BR-D,139.48,2026-05-29
SKU-00409,Item-00409,BR-C,30.07,2026-05-15
SKU-00464,Item-00464,BR-B,54.82,2026-05-22
SKU-00741,Item-00741,BR-D,82.17,2026-05-20
SKU-00839,Item-00839,BR-C,147.58,2026-05-26
SKU-00308,Item-00308,BR-B,31.37,2026-05-13
SKU-00818,Item-00818,BR-A,90.67,2026-05-11
SKU-00438,Item-00438,BR-D,161.27,2026-05-02
SKU-00703,Item-00703,BR-A,81.12,2026-05-27
SKU-00671,Item-00671,BR-E,154.34,2026-05-26
SKU-00507,Item-00507,BR-E,292.69,2026-05-29
SKU-00436,Item-00436,BR-B,43.48,2026-05-20
SKU-00566,Item-00566,BR-C,317.83,2026-05-08
SKU-00562,Item-00562,BR-B,249.44,2026-05-25
SKU-00810,Item-00810,BR-A,48.06,2026-05-02
SKU-00747,Item-00747,BR-A,123.38,2026-05-15
SKU-00779,Item-00779,BR-A,145.54,2026-05-27
SKU-00788,Item-00788,BR-E,30.02,2026-05-21
SKU-00383,Item-00383,BR-E,49.73,2026-05-14
SKU-00694,Item-00694,BR-E,325.75,2026-05-09
SKU-00390,Item-00390,BR-A,36.08,2026-05-13
SKU-00800,Item-00800,BR-B,255.98,2026-05-26
SKU-00581,Item-00581,BR-B,135.06,2026-05-15
SKU-00825,Item-00825,BR-C,30.73,2026-05-25
SKU-00770,Item-00770,BR-A,159.31,2026-05-29
SKU-00710,Item-00710,BR-C,211.08,2026-05-15
SKU-00416,Item-00416,BR-C,136.55,2026-05-30
SKU-00846,Item-00846,BR-E,48.64,2026-05-03
SKU-00773,Item-00773,BR-C,274.39,2026-05-01
SKU-00813,Item-00813,BR-E,105.07,2026-05-01
SKU-00361,Item-00361,BR-B,114.23,2026-05-18
SKU-00476,Item-00476,BR-E,110.84,2026-05-02
SKU-00472,Item-00472,BR-C,186.68,2026-05-10
SKU-00371,Item-00371,BR-A,60.15,2026-05-02
SKU-00376,Item-00376,BR-B,20.93,2026-05-01
SKU-00888,Item-00888,BR-B,143.24,2026-05-20
SKU-00494,Item-00494,BR-D,91.78,2026-05-24
SKU-00799,Item-00799,BR-B,184.97,2026-05-05
SKU-00879,Item-00879,BR-B,77.03,2026-05-29
SKU-00354,Item-00354,BR-A,71.4,2026-05-18
SKU-00631,Item-00631,BR-B,47.9,2026-05-02
SKU-00699,Item-00699,BR-B,70.63,2026-05-10
SKU-00841,Item-00841,BR-D,53.26,2026-05-26
SKU-00825,Item-00825,BR-E,36.84,2026-05-23
SKU-00745,Item-00745,BR-E,63.93,2026-05-06
SKU-00316,Item-00316,BR-B,145.21,2026-05-20
SKU-00896,Item-00896,BR-A,237.9,2026-05-29
SKU-00623,Item-00623,BR-A,20.3,2026-05-01
SKU-00474,Item-00474,BR-D,256.69,2026-05-05
SKU-00769,Item-00769,BR-E,11.34,2026-05-16
SKU-00466,Item-00466,BR-C,158.31,2026-05-23
SKU-00802,Item-00802,BR-C,15.1,2026-05-02
SKU-00377,Item-00377,BR-B,158.7,2026-05-20
SKU-00337,Item-00337,BR-E,104.4,2026-05-05
SKU-00310,Item-00310,BR-D,108.22,2026-05-20
SKU-00533,Item-00533,BR-A,72.52,2026-05-08
SKU-00845,Item-00845,BR-B,167.06,2026-05-13
SKU-00624,Item-00624,BR-C,86.97,2026-05-22
SKU-00872,Item-00872,BR-C,50.64,2026-05-29
SKU-00439,Item-00439,BR-B,137.12,2026-05-03
SKU-00727,Item-00727,BR-B,101.71,2026-05-02
SKU-00866,Item-00866,BR-A,226.84,2026-05-22
SKU-00497,Item-00497,BR-C,62.53,2026-05-25
SKU-00316,Item-00316,BR-C,87.46,2026-05-05
SKU-00361,Item-00361,BR-C,82.49,2026-05-07
SKU-00831,Item-00831,BR-E,51.83,2026-05-15
SKU-00688,Item-00688,BR-A,39.51,2026-05-18
SKU-00787,Item-00787,BR-D,120.34,2026-05-27
SKU-00647,Item-00647,BR-C,132.46,2026-05-29
SKU-00476,Item-00476,BR-B,53.01,2026-05-23
SKU-00745,Item-00745,BR-D,77.72,2026-05-14
SKU-00900,Item-00900,BR-C,137.31,2026-05-28
SKU-00302,Item-00302,BR-C,26.38,2026-05-16
SKU-00496,Item-00496,BR-A,124.89,2026-05-17
SKU-00488,Item-00488,BR-A,155.34,2026-05-07
SKU-00313,Item-00313,BR-A,134.56,2026-05-02
SKU-00881,Item-00881,BR-B,94.41,2026-05-04
SKU-00304,Item-00304,BR-B,55.93,2026-05-30
SKU-00843,Item-00843,BR-D,183.28,2026-05-29
SKU-00598,Item-00598,BR-A,18.27,2026-05-06
SKU-00736,Item-00736,BR-C,6.63,2026-05-03
SKU-00704,Item-00704,BR-B,112.37,2026-05-20
SKU-00664,Item-00664,BR-C,29.42,2026-05-16
SKU-00351,Item-00351,BR-E,115.74,2026-05-11
SKU-00610,Item-00610,BR-B,166.82,2026-05-23
SKU-00353,Item-00353,BR-C,49.69,2026-05-05
SKU-00833,Item-00833,BR-B,215.06,2026-05-30
SKU-00843,Item-00843,BR-D,148.33,2026-05-20
SKU-00715,Item-00715,BR-B,178.44,2026-05-10
SKU-00702,Item-00702,BR-D,146.72,2026-05-20
SKU-00563,Item-00563,BR-E,127.61,2026-05-01
SKU-00324,Item-00324,BR-A,78.49,2026-05-26
SKU-00401,Item-00401,BR-A,25.41,2026-05-02
SKU-00753,Item-00753,BR-A,159.87,2026-05-02
SKU-00561,Item-00561,BR-B,106.3,2026-05-29
SKU-00521,Item-00521,BR-C,139.06,2026-05-01
SKU-00680,Item-00680,BR-C,47.97,2026-05-25
SKU-00659,Item-00659,BR-D,4.52,2026-05-18
SKU-00426,Item-00426,BR-B,143.7,2026-05-06
SKU-00856,Item-00856,BR-E,93.97,2026-05-09
SKU-00753,Item-00753,BR-B,197.87,2026-05-01
SKU-00634,Item-00634,BR-B,246.67,2026-05-23
SKU-00893,Item-00893,BR-E,42.88,2026-05-29
SKU-00643,Item-00643,BR-D,46.19,2026-05-13
SKU-00864,Item-00864,BR-C,23.44,2026-05-25
SKU-00405,Item-00405,BR-D,123.01,2026-05-13
SKU-00418,Item-00418,BR-B,168.61,2026-05-08
SKU-00599,Item-00599,BR-A,190.76,2026-05-22
SKU-00504,Item-00504,BR-E,36.83,2026-05-19
SKU-00670,Item-00670,BR-C,148.22,2026-05-01
SKU-00644,Item-00644,BR-C,96.4,2026-05-08
SKU-00444,Item-00444,BR-A,32.31,2026-05-01
SKU-00701,Item-00701,BR-B,107.51,2026-05-04
SKU-00344,Item-00344,BR-E,117.74,2026-05-10
SKU-00784,Item-00784,BR-D,142.57,2026-05-16
SKU-00821,Item-00821,BR-E,169.33,2026-05-22
SKU-00462,Item-00462,BR-E,101.1,2026-05-07
SKU-00538,Item-00538,BR-B,239.13,2026-05-30
SKU-00866,Item-00866,BR-E,283.98,2026-05-11
SKU-00460,Item-00460,BR-C,234.78,2026-05-02
SKU-00615,Item-00615,BR-E,116.37,2026-05-12
SKU-00471,Item-00471,BR-C,144.55,2026-05-18
SKU-00331,Item-00331,BR-B,112.17,2026-05-08
SKU-00644,Item-00644,BR-B,86.97,2026-05-03
SKU-00518,Item-00518,BR-C,49.27,2026-05-24
SKU-00819,Item-00819,BR-C,252.17,2026-05-03
SKU-00761,Item-00761,BR-C,188.63,2026-05-03
SKU-00490,Item-00490,BR-D,142.7,2026-05-15
SKU-00553,Item-00553,BR-A,120.05,2026-05-14
SKU-00677,Item-00677,BR-C,61.35,2026-05-22
SKU-00735,Item-00735,BR-D,83.1,2026-05-22
SKU-00570,Item-00570,BR-D,37.9,2026-05-14
SKU-00301,Item-00301,BR-E,57.73,2026-05-10
SKU-00645,Item-00645,BR-B,85.3,2026-05-18
SKU-00714,Item-00714,BR-A,215.26,2026-05-24
SKU-00638,Item-00638,BR-A,230.41,2026-05-04
SKU-00395,Item-00395,BR-A,106.17,2026-05-18
SKU-00319,Item-00319,BR-B,82.38,2026-05-12
SKU-00603,Item-00603,BR-D,76.11,2026-05-15
SKU-00851,Item-00851,BR-D,153.99,2026-05-21
SKU-00773,Item-00773,BR-A,107.27,2026-05-30
SKU-00900,Item-00900,BR-C,281.11,2026-05-23
SKU-00767,Item-00767,BR-A,106.05,2026-05-27
SKU-00695,Item-00695,BR-D,59.54,2026-05-07
SKU-00456,Item-00456,BR-E,239.65,2026-05-17
SKU-00871,Item-00871,BR-A,132.3,2026-05-23
SKU-00645,Item-00645,BR-D,133.53,2026-05-13
SKU-00886,Item-00886,BR-C,60.9,2026-05-23
SKU-00882,Item-00882,BR-A,68.7,2026-05-09
SKU-00485,Item-00485,BR-D,242.97,2026-05-20
SKU-00332,Item-00332,BR-A,151.13,2026-05-11
SKU-00502,Item-00502,BR-D,143.03,2026-05-25
SKU-00368,Item-00368,BR-D,32.93,2026-05-01
SKU-00555,Item-00555,BR-A,55.32,2026-05-25
SKU-00475,Item-00475,BR-A,63.31,2026-05-11
SKU-00304,Item-00304,BR-E,41.32,2026-05-24
SKU-00825,Item-00825,BR-E,60.85,2026-05-03
SKU-00390,Item-00390,BR-C,23.6,2026-05-17
SKU-00722,Item-00722,BR-D,23.99,2026-05-27
SKU-00572,Item-00572,BR-C,21.3,2026-05-05
SKU-00416,Item-00416,BR-E,142.6,2026-05-02
SKU-00692,Item-00692,BR-B,51.17,2026-05-16
SKU-00856,Item-00856,BR-E,231.42,2026-05-14
SKU-00304,Item-00304,BR-B,19.35,2026-05-24
SKU-00517,Item-00517,BR-E,6.87,2026-05-04
SKU-00643,Item-00643,BR-C,42.12,2026-05-23
SKU-00457,Item-00457,BR-E,91.97,2026-05-18
SKU-00405,Item-00405,BR-A,71.38,2026-05-19
SKU-00805,Item-00805,BR-A,159.98,2026-05-22
SKU-00568,Item-00568,BR-C,180.93,2026-05-07
SKU-00707,Item-00707,BR-A,207.37,2026-05-16
SKU-00541,Item-00541,BR-B,233.08,2026-05-15
SKU-00406,Item-00406,BR-B,12.09,2026-05-29
SKU-00632,Item-00632,BR-C,60.32,2026-05-07
SKU-00587,Item-00587,BR-B,262.85,2026-05-21
SKU-00854,Item-00854,BR-D,126.52,2026-05-02
SKU-00521,Item-00521,BR-A,147.24,2026-05-28
SKU-00707,Item-00707,BR-E,206.97,2026-05-24
SKU-00340,Item-00340,BR-B,210.68,2026-05-21
SKU-00640,Item-00640,BR-D,217.5,2026-05-13
SKU-00383,Item-00383,BR-B,39.15,2026-05-08
SKU-00498,Item-00498,BR-C,96.3,2026-05-27
SKU-00322,Item-00322,BR-C,141.62,2026-05-16
SKU-00437,Item-00437,BR-A,206.43,2026-05-07
SKU-00666,Item-00666,BR-C,110.48,2026-05-28
SKU-00414,Item-00414,BR-D,229.02,2026-05-03
SKU-00382,Item-00382,BR-B,76.68,2026-05-30
SKU-00722,Item-00722,BR-A,38.52,2026-05-06
SKU-00548,Item-00548,BR-B,36.63,2026-05-14
SKU-00446,Item-00446,BR-C,16.36,2026-05-16
SKU-00447,Item-00447,BR-D,167.96,2026-05-01
SKU-00664,Item-00664,BR-C,22.26,2026-05-17
SKU-00589,Item-00589,BR-E,19.75,2026-05-28
SKU-00573,Item-00573,BR-C,107.54,2026-05-02
SKU-00762,Item-00762,BR-C,365.09,2026-05-17
SKU-00479,Item-00479,BR-A,38.61,2026-05-25
SKU-00716,Item-00716,BR-E,9.3,2026-05-17
SKU-00814,Item-00814,BR-E,242.43,2026-05-01
SKU-00370,Item-00370,BR-B,46.53,2026-05-19
SKU-00662,Item-00662,BR-A,106.6,2026-05-28
SKU-00730,Item-00730,BR-B,186.44,2026-05-05
SKU-00327,Item-00327,BR-C,9.64,2026-05-07
SKU-00339,Item-00339,BR-D,65.22,2026-05-29
SKU-00405,Item-00405,BR-B,142.2,2026-05-07
SKU-00524,Item-00524,BR-C,157.11,2026-05-25
SKU-00874,Item-00874,BR-A,173.41,2026-05-26
SKU-00358,Item-00358,BR-C,153.4,2026-05-09
SKU-00433,Item-00433,BR-A,131.87,2026-05-24
SKU-00850,Item-00850,BR-B,48.52,2026-05-19
SKU-00870,Item-00870,BR-A,119.12,2026-05-13
SKU-00898,Item-00898,BR-B,76.54,2026-05-12
SKU-00876,Item-00876,BR-C,296.75,2026-05-01
SKU-00793,Item-00793,BR-B,57.88,2026-05-27
SKU-00673,Item-00673,BR-E,4.83,2026-05-09
SKU-00575,Item-00575,BR-B,43.44,2026-05-29
SKU-00780,Item-00780,BR-C,20.04,2026-05-29
SKU-00670,Item-00670,BR-E,166.98,2026-05-01
SKU-00343,Item-00343,BR-E,77.54,2026-05-15
SKU-00551,Item-00551,BR-B,149.35,2026-05-11
SKU-00418,Item-00418,BR-A,134.7,2026-05-27
SKU-00895,Item-00895,BR-B,108.08,2026-05-17
SKU-00728,Item-00728,BR-E,116.28,2026-05-17
SKU-00631,Item-00631,BR-E,44.99,2026-05-13
SKU-00550,Item-00550,BR-D,82.1,2026-05-13
SKU-00537,Item-00537,BR-E,122.61,2026-05-02
SKU-00344,Item-00344,BR-E,64.65,2026-05-29
SKU-00789,Item-00789,BR-B,162.81,2026-05-17
SKU-00664,Item-00664,BR-A,48.59,2026-05-20
SKU-00802,Item-00802,BR-B,19.9,2026-05-13
SKU-00333,Item-00333,BR-D,82.61,2026-05-25
SKU-00799,Item-00799,BR-C,195.33,2026-05-01
SKU-00797,Item-00797,BR-C,38.96,2026-05-22
SKU-00738,Item-00738,BR-E,113.13,2026-05-16
SKU-00887,Item-00887,BR-A,137.5,2026-05-26
SKU-00495,Item-00495,BR-E,245.09,2026-05-19
SKU-00756,Item-00756,BR-E,116.04,2026-05-29
SKU-00393,Item-00393,BR-B,68.94,2026-05-16
SKU-00357,Item-00357,BR-C,95.39,2026-05-13
SKU-00700,Item-00700,BR-A,143.29,2026-05-22
SKU-00786,Item-00786,BR-E,62.36,2026-05-07
SKU-00823,Item-00823,BR-E,121.01,2026-05-17
SKU-00395,Item-00395,BR-B,93.77,2026-05-05
SKU-00664,Item-00664,BR-C,51.25,2026-05-01
SKU-00658,Item-00658,BR-C,114.59,2026-05-05
SKU-00412,Item-00412,BR-C,240.02,2026-05-27
SKU-00388,Item-00388,BR-D,37.73,2026-05-18
SKU-00561,Item-00561,BR-A,178.09,2026-05-27
SKU-00568,Item-00568,BR-A,95.94,2026-05-03
SKU-00744,Item-00744,BR-E,69.96,2026-05-18
SKU-00524,Item-00524,BR-B,77.51,2026-05-01
SKU-00324,Item-00324,BR-B,149.17,2026-05-17
SKU-00573,Item-00573,BR-D,72.61,2026-05-11
SKU-00680,Item-00680,BR-A,33.18,2026-05-19
SKU-00842,Item-00842,BR-B,94.18,2026-05-30
SKU-00329,Item-00329,BR-E,151.02,2026-05-05
SKU-00708,Item-00708,BR-A,144.27,2026-05-03
SKU-00429,Item-00429,BR-C,34.12,2026-05-09
SKU-00378,Item-00378,BR-C,72.79,2026-05-28
SKU-00362,Item-00362,BR-D,62.65,2026-05-20
SKU-00883,Item-00883,BR-E,123.09,2026-05-23
SKU-00585,Item-00585,BR-A,41.18,2026-05-23
SKU-00829,Item-00829,BR-E,82.52,2026-05-06
SKU-00695,Item-00695,BR-D,85.87,2026-05-29
SKU-00890,Item-00890,BR-B,199.68,2026-05-21
SKU-00691,Item-00691,BR-D,160.42,2026-05-14
SKU-00677,Item-00677,BR-D,45.83,2026-05-26
SKU-00469,Item-00469,BR-B,110.41,2026-05-30
SKU-00803,Item-00803,BR-A,10.85,2026-05-07
SKU-00655,Item-00655,BR-C,35.61,2026-05-13
SKU-00361,Item-00361,BR-D,113.66,2026-05-16
SKU-00703,Item-00703,BR-D,84.23,2026-05-14
SKU-00866,Item-00866,BR-E,179.23,2026-05-06
SKU-00346,Item-00346,BR-E,66.57,2026-05-23
SKU-00551,Item-00551,BR-C,139.61,2026-05-04
SKU-00656,Item-00656,BR-C,130.07,2026-05-07
SKU-00524,Item-00524,BR-C,212.93,2026-05-04
SKU-00338,Item-00338,BR-A,73.51,2026-05-06
SKU-00894,Item-00894,BR-A,121.16,2026-05-09
SKU-00450,Item-00450,BR-A,219.37,2026-05-02
SKU-00370,Item-00370,BR-C,40.08,2026-05-02
SKU-00656,Item-00656,BR-D,74.45,2026-05-29
SKU-00381,Item-00381,BR-E,90.76,2026-05-18
SKU-00319,Item-00319,BR-D,57.79,2026-05-02
SKU-00885,Item-00885,BR-D,129.97,2026-05-29
SKU-00512,Item-00512,BR-E,224.67,2026-05-17
SKU-00310,Item-00310,BR-D,106.63,2026-05-08
SKU-00504,Item-00504,BR-E,41.28,2026-05-17
SKU-00382,Item-00382,BR-D,114.09,2026-05-11
SKU-00487,Item-00487,BR-E,107.57,2026-05-29
SKU-00399,Item-00399,BR-B,173.77,2026-05-06
SKU-00818,Item-00818,BR-D,53.38,2026-05-01
SKU-00484,Item-00484,BR-B,190.01,2026-05-16
SKU-00764,Item-00764,BR-A,45.36,2026-05-10
SKU-00664,Item-00664,BR-C,22.44,2026-05-17
SKU-00817,Item-00817,BR-B,72.04,2026-05-20
SKU-00753,Item-00753,BR-A,96.12,2026-05-09
SKU-00859,Item-00859,BR-A,48.01,2026-05-01
SKU-00873,Item-00873,BR-A,170.56,2026-05-29
SKU-00310,Item-00310,BR-E,155.95,2026-05-21
SKU-00411,Item-00411,BR-A,10.19,2026-05-16
SKU-00401,Item-00401,BR-C,19.56,2026-05-02
SKU-00410,Item-00410,BR-A,199.34,2026-05-01
SKU-00507,Item-00507,BR-B,281.62,2026-05-14
SKU-00898,Item-00898,BR-A,97.84,2026-05-02
SKU-00637,Item-00637,BR-C,138.31,2026-05-29
SKU-00438,Item-00438,BR-D,90.81,2026-05-14
SKU-00900,Item-00900,BR-E,237.3,2026-05-02
SKU-00414,Item-00414,BR-D,110.3,2026-05-02
SKU-00560,Item-00560,BR-E,86.0,2026-05-16
SKU-00615,Item-00615,BR-C,81.64,2026-05-25
SKU-00712,Item-00712,BR-E,105.51,2026-05-13
SKU-00360,Item-00360,BR-D,27.61,2026-05-25
SKU-00320,Item-00320,BR-C,139.57,2026-05-12
SKU-00870,Item-00870,BR-E,216.2,2026-05-02
SKU-00543,Item-00543,BR-B,44.42,2026-05-07
SKU-00755,Item-00755,BR-D,88.21,2026-05-27
SKU-00832,Item-00832,BR-C,139.69,2026-05-28
SKU-00587,Item-00587,BR-D,132.87,2026-05-14
SKU-00829,Item-00829,BR-E,61.04,2026-05-03
SKU-00780,Item-00780,BR-B,22.01,2026-05-28
SKU-00453,Item-00453,BR-B,78.78,2026-05-22
SKU-00424,Item-00424,BR-A,298.9,2026-05-27
SKU-00892,Item-00892,BR-D,66.83,2026-05-01
SKU-00412,Item-00412,BR-B,118.19,2026-05-01
SKU-00857,Item-00857,BR-A,203.33,2026-05-17
SKU-00418,Item-00418,BR-A,115.32,2026-05-05
SKU-00774,Item-00774,BR-B,97.76,2026-05-11
SKU-00749,Item-00749,BR-D,162.53,2026-05-03
SKU-00626,Item-00626,BR-E,271.47,2026-05-29
SKU-00697,Item-00697,BR-A,19.83,2026-05-07
SKU-00659,Item-00659,BR-E,5.67,2026-05-05
SKU-00598,Item-00598,BR-B,19.94,2026-05-05
SKU-00838,Item-00838,BR-A,261.53,2026-05-15
SKU-00690,Item-00690,BR-B,126.33,2026-05-06
SKU-00543,Item-00543,BR-E,71.41,2026-05-26
SKU-00556,Item-00556,BR-C,24.59,2026-05-18
SKU-00652,Item-00652,BR-C,80.67,2026-05-13
SKU-00827,Item-00827,BR-D,262.24,2026-05-02
SKU-00838,Item-00838,BR-E,169.68,2026-05-07
SKU-00659,Item-00659,BR-D,8.99,2026-05-17
SKU-00863,Item-00863,BR-B,63.6,2026-05-03
SKU-00546,Item-00546,BR-D,231.96,2026-05-06
SKU-00860,Item-00860,BR-B,136.64,2026-05-03
SKU-00710,Item-00710,BR-C,199.21,2026-05-20
SKU-00643,Item-00643,BR-E,40.72,2026-05-14
SKU-00835,Item-00835,BR-C,45.98,2026-05-26
SKU-00738,Item-00738,BR-A,185.13,2026-05-28
SKU-00365,Item-00365,BR-B,38.36,2026-05-05
SKU-00664,Item-00664,BR-E,69.54,2026-05-26
SKU-00803,Item-00803,BR-B,9.84,2026-05-10
SKU-00828,Item-00828,BR-C,185.17,2026-05-29
SKU-00533,Item-00533,BR-D,125.29,2026-05-23
SKU-00432,Item-00432,BR-B,36.32,2026-05-04
SKU-00523,Item-00523,BR-C,68.73,2026-05-23
SKU-00876,Item-00876,BR-A,174.24,2026-05-06
SKU-00409,Item-00409,BR-C,53.16,2026-05-16
SKU-00324,Item-00324,BR-E,94.88,2026-05-04
SKU-00363,Item-00363,BR-C,57.47,2026-05-20
SKU-00850,Item-00850,BR-E,45.65,2026-05-04
SKU-00325,Item-00325,BR-C,187.93,2026-05-16
SKU-00723,Item-00723,BR-A,66.1,2026-05-25
SKU-00573,Item-00573,BR-B,107.32,2026-05-03
SKU-00537,Item-00537,BR-D,140.38,2026-05-20
SKU-00614,Item-00614,BR-C,76.49,2026-05-09
SKU-00672,Item-00672,BR-B,48.45,2026-05-17
SKU-00779,Item-00779,BR-B,126.56,2026-05-01
SKU-00659,Item-00659,BR-C,6.48,2026-05-04
SKU-00304,Item-00304,BR-E,56.85,2026-05-11
SKU-00613,Item-00613,BR-A,127.08,2026-05-06
SKU-00477,Item-00477,BR-E,46.94,2026-05-10
SKU-00720,Item-00720,BR-D,151.05,2026-05-12
SKU-00602,Item-00602,BR-E,13.35,2026-05-12
SKU-00625,Item-00625,BR-D,55.23,2026-05-17
SKU-00684,Item-00684,BR-C,54.43,2026-05-08
SKU-00332,Item-00332,BR-E,163.88,2026-05-06
SKU-00688,Item-00688,BR-D,66.74,2026-05-18
SKU-00707,Item-00707,BR-D,156.86,2026-05-29
SKU-00825,Item-00825,BR-C,35.1,2026-05-14
SKU-00431,Item-00431,BR-A,81.42,2026-05-28
SKU-00525,Item-00525,BR-C,141.26,2026-05-27
SKU-00540,Item-00540,BR-A,140.7,2026-05-02
SKU-00413,Item-00413,BR-A,74.58,2026-05-08
SKU-00553,Item-00553,BR-E,136.88,2026-05-10
SKU-00718,Item-00718,BR-D,57.11,2026-05-07
SKU-00583,Item-00583,BR-E,143.15,2026-05-08
SKU-00886,Item-00886,BR-A,43.77,2026-05-03
SKU-00315,Item-00315,BR-C,51.09,2026-05-22
SKU-00711,Item-00711,BR-A,139.14,2026-05-02
SKU-00575,Item-00575,BR-B,71.82,2026-05-10
SKU-00561,Item-00561,BR-C,300.7,2026-05-26
SKU-00690,Item-00690,BR-E,87.79,2026-05-03
SKU-00378,Item-00378,BR-A,37.02,2026-05-20
SKU-00346,Item-00346,BR-C,68.38,2026-05-08
SKU-00476,Item-00476,BR-D,164.58,2026-05-03
SKU-00647,Item-00647,BR-A,222.69,2026-05-04
SKU-00334,Item-00334,BR-C,6.29,2026-05-09
SKU-00739,Item-00739,BR-C,65.43,2026-05-26
SKU-00711,Item-00711,BR-B,125.84,2026-05-05
SKU-00445,Item-00445,BR-E,123.25,2026-05-10
SKU-00563,Item-00563,BR-E,253.58,2026-05-02
SKU-00647,Item-00647,BR-D,193.46,2026-05-17
SKU-00364,Item-00364,BR-C,142.29,2026-05-04
SKU-00742,Item-00742,BR-B,171.3,2026-05-06
SKU-00755,Item-00755,BR-C,62.71,2026-05-22
SKU-00880,Item-00880,BR-B,106.75,2026-05-21
SKU-00326,Item-00326,BR-A,159.57,2026-05-23
SKU-00727,Item-00727,BR-D,185.73,2026-05-25
SKU-00816,Item-00816,BR-A,167.46,2026-05-20
SKU-00851,Item-00851,BR-E,152.84,2026-05-08
SKU-00334,Item-00334,BR-B,6.98,2026-05-12
SKU-00824,Item-00824,BR-A,139.93,2026-05-23
SKU-00403,Item-00403,BR-B,28.91,2026-05-19
SKU-00592,Item-00592,BR-C,150.41,2026-05-03
SKU-00852,Item-00852,BR-A,22.47,2026-05-06
SKU-00328,Item-00328,BR-D,17.82,2026-05-04
SKU-00857,Item-00857,BR-C,182.33,2026-05-02
SKU-00725,Item-00725,BR-D,174.16,2026-05-28
SKU-00687,Item-00687,BR-D,129.81,2026-05-23
SKU-00842,Item-00842,BR-E,73.95,2026-05-26
SKU-00408,Item-00408,BR-D,132.06,2026-05-06
SKU-00708,Item-00708,BR-E,148.01,2026-05-29
SKU-00807,Item-00807,BR-E,67.27,2026-05-26
SKU-00653,Item-00653,BR-B,137.7,2026-05-14
SKU-00865,Item-00865,BR-D,14.2,2026-05-17
SKU-00665,Item-00665,BR-C,75.71,2026-05-15
SKU-00688,Item-00688,BR-D,47.9,2026-05-01
SKU-00630,Item-00630,BR-C,45.89,2026-05-03
SKU-00734,Item-00734,BR-D,79.11,2026-05-30
SKU-00667,Item-00667,BR-B,23.99,2026-05-30
SKU-00625,Item-00625,BR-B,75.82,2026-05-27
SKU-00722,Item-00722,BR-E,40.87,2026-05-29
SKU-00757,Item-00757,BR-D,24.99,2026-05-19
SKU-00311,Item-00311,BR-A,21.86,2026-05-17
SKU-00422,Item-00422,BR-D,91.05,2026-05-04
SKU-00550,Item-00550,BR-D,94.09,2026-05-14
SKU-00578,Item-00578,BR-A,44.73,2026-05-29
SKU-00793,Item-00793,BR-A,36.95,2026-05-04
SKU-00303,Item-00303,BR-B,15.8,2026-05-12
SKU-00665,Item-00665,BR-D,183.01,2026-05-02
SKU-00372,Item-00372,BR-E,148.78,2026-05-22
SKU-00784,Item-00784,BR-E,114.9,2026-05-17
SKU-00486,Item-00486,BR-C,102.87,2026-05-22
SKU-00597,Item-00597,BR-B,52.75,2026-05-07
SKU-00346,Item-00346,BR-B,96.61,2026-05-05
SKU-00502,Item-00502,BR-E,128.12,2026-05-12
SKU-00578,Item-00578,BR-A,39.2,2026-05-08
SKU-00504,Item-00504,BR-E,61.83,2026-05-16
SKU-00465,Item-00465,BR-D,131.1,2026-05-04
SKU-00700,Item-00700,BR-C,233.27,2026-05-23
SKU-00792,Item-00792,BR-B,233.38,2026-05-11
SKU-00595,Item-00595,BR-E,220.4,2026-05-14
SKU-00364,Item-00364,BR-D,84.34,2026-05-09
SKU-00797,Item-00797,BR-A,19.07,2026-05-24
SKU-00715,Item-00715,BR-E,145.63,2026-05-10
SKU-00767,Item-00767,BR-C,129.4,2026-05-16
SKU-00836,Item-00836,BR-A,73.0,2026-05-08
SKU-00452,Item-00452,BR-D,154.05,2026-05-08
SKU-00715,Item-00715,BR-A,228.87,2026-05-24
SKU-00361,Item-00361,BR-A,117.92,2026-05-17
SKU-00459,Item-00459,BR-A,212.21,2026-05-20
SKU-00482,Item-00482,BR-D,16.63,2026-05-23
SKU-00539,Item-00539,BR-B,240.32,2026-05-23
SKU-00685,Item-00685,BR-E,36.15,2026-05-04
SKU-00378,Item-00378,BR-D,52.92,2026-05-02
SKU-00694,Item-00694,BR-C,145.44,2026-05-07
SKU-00828,Item-00828,BR-B,127.0,2026-05-14
SKU-00458,Item-00458,BR-E,92.39,2026-05-11
SKU-00824,Item-00824,BR-E,66.58,2026-05-29
SKU-00696,Item-00696,BR-A,89.67,2026-05-24
SKU-00610,Item-00610,BR-E,241.29,2026-05-05
SKU-00690,Item-00690,BR-D,108.2,2026-05-07
SKU-00818,Item-00818,BR-E,49.75,2026-05-13
SKU-00891,Item-00891,BR-C,189.41,2026-05-27
SKU-00828,Item-00828,BR-D,176.66,2026-05-26
SKU-00441,Item-00441,BR-E,166.44,2026-05-18
SKU-00307,Item-00307,BR-D,198.09,2026-05-30
SKU-00672,Item-00672,BR-C,61.65,2026-05-01
SKU-00738,Item-00738,BR-A,162.11,2026-05-01
SKU-00383,Item-00383,BR-B,26.27,2026-05-06
SKU-00309,Item-00309,BR-A,49.2,2026-05-13
SKU-00408,Item-00408,BR-B,101.43,2026-05-06
SKU-00640,Item-00640,BR-E,114.63,2026-05-18
SKU-00577,Item-00577,BR-B,27.61,2026-05-05
SKU-00825,Item-00825,BR-E,30.91,2026-05-11
SKU-00558,Item-00558,BR-A,44.79,2026-05-21
SKU-00890,Item-00890,BR-C,151.51,2026-05-15
SKU-00539,Item-00539,BR-D,118.08,2026-05-29
SKU-00410,Item-00410,BR-C,100.87,2026-05-23
SKU-00570,Item-00570,BR-B,18.45,2026-05-11
SKU-00527,Item-00527,BR-A,4.82,2026-05-11
SKU-00347,Item-00347,BR-C,45.35,2026-05-26
SKU-00793,Item-00793,BR-D,61.23,2026-05-08
SKU-00654,Item-00654,BR-E,78.04,2026-05-17
SKU-00587,Item-00587,BR-D,248.5,2026-05-16
SKU-00454,Item-00454,BR-E,126.7,2026-05-05
SKU-00763,Item-00763,BR-A,18.52,2026-05-16
SKU-00476,Item-00476,BR-C,103.18,2026-05-23
SKU-00799,Item-00799,BR-E,286.52,2026-05-08
SKU-00517,Item-00517,BR-A,7.5,2026-05-22
SKU-00762,Item-00762,BR-D,128.41,2026-05-05
SKU-00443,Item-00443,BR-A,38.5,2026-05-05
SKU-00755,Item-00755,BR-E,171.82,2026-05-15
SKU-00329,Item-00329,BR-A,98.07,2026-05-02
SKU-00865,Item-00865,BR-C,28.23,2026-05-11
SKU-00370,Item-00370,BR-D,38.94,2026-05-18
SKU-00861,Item-00861,BR-E,137.9,2026-05-23
SKU-00418,Item-00418,BR-A,217.49,2026-05-18
SKU-00552,Item-00552,BR-C,154.78,2026-05-22
SKU-00632,Item-00632,BR-D,58.8,2026-05-29
SKU-00696,Item-00696,BR-A,70.84,2026-05-29
SKU-00514,Item-00514,BR-B,19.98,2026-05-17
SKU-00863,Item-00863,BR-E,54.5,2026-05-19
SKU-00371,Item-00371,BR-C,46.42,2026-05-30
SKU-00634,Item-00634,BR-A,206.98,2026-05-08
SKU-00723,Item-00723,BR-B,56.5,2026-05-06
SKU-00466,Item-00466,BR-C,100.84,2026-05-13
SKU-00628,Item-00628,BR-B,43.33,2026-05-18
SKU-00573,Item-00573,BR-E,113.47,2026-05-02
SKU-00886,Item-00886,BR-C,24.33,2026-05-09
SKU-00742,Item-00742,BR-B,171.91,2026-05-28
SKU-00492,Item-00492,BR-C,105.08,2026-05-21
SKU-00900,Item-00900,BR-D,110.96,2026-05-03
SKU-00549,Item-00549,BR-E,176.58,2026-05-03
SKU-00411,Item-00411,BR-E,19.48,2026-05-25
SKU-00464,Item-00464,BR-E,69.95,2026-05-02
SKU-00769,Item-00769,BR-C,13.88,2026-05-25
SKU-00770,Item-00770,BR-B,127.93,2026-05-05
SKU-00387,Item-00387,BR-D,161.42,2026-05-27
SKU-00625,Item-00625,BR-C,115.37,2026-05-15
SKU-00543,Item-00543,BR-B,50.78,2026-05-15
SKU-00442,Item-00442,BR-D,163.51,2026-05-28
SKU-00797,Item-00797,BR-D,50.42,2026-05-24
SKU-00801,Item-00801,BR-B,100.79,2026-05-12
SKU-00788,Item-00788,BR-A,22.71,2026-05-23
SKU-00393,Item-00393,BR-A,92.69,2026-05-24
SKU-00679,Item-00679,BR-E,267.13,2026-05-25
SKU-00524,Item-00524,BR-D,207.8,2026-05-11
SKU-00367,Item-00367,BR-D,71.58,2026-05-09
SKU-00662,Item-00662,BR-C,103.74,2026-05-13
SKU-00765,Item-00765,BR-C,242.23,2026-05-28
SKU-00542,Item-00542,BR-C,208.05,2026-05-25
SKU-00435,Item-00435,BR-B,71.27,2026-05-06
SKU-00377,Item-00377,BR-B,165.79,2026-05-07
SKU-00491,Item-00491,BR-B,216.76,2026-05-18
SKU-00596,Item-00596,BR-A,102.91,2026-05-12
SKU-00522,Item-00522,BR-C,105.79,2026-05-30
SKU-00490,Item-00490,BR-B,168.01,2026-05-26
SKU-00437,Item-00437,BR-E,96.02,2026-05-06
SKU-00583,Item-00583,BR-B,169.08,2026-05-06
SKU-00322,Item-00322,BR-C,220.16,2026-05-23
SKU-00570,Item-00570,BR-C,47.96,2026-05-13
SKU-00450,Item-00450,BR-E,228.13,2026-05-12
SKU-00885,Item-00885,BR-E,120.98,2026-05-18
SKU-00467,Item-00467,BR-D,98.18,2026-05-12
SKU-00865,Item-00865,BR-D,23.66,2026-05-21
SKU-00892,Item-00892,BR-C,204.15,2026-05-30
SKU-00326,Item-00326,BR-A,110.99,2026-05-26
SKU-00750,Item-00750,BR-A,57.93,2026-05-11
SKU-00413,Item-00413,BR-D,127.1,2026-05-17
SKU-00489,Item-00489,BR-C,201.96,2026-05-09
SKU-00696,Item-00696,BR-C,97.47,2026-05-13
SKU-00693,Item-00693,BR-C,91.56,2026-05-06
SKU-00329,Item-00329,BR-D,123.96,2026-05-26
SKU-00621,Item-00621,BR-A,170.55,2026-05-02
SKU-00896,Item-00896,BR-D,138.2,2026-05-15
SKU-00532,Item-00532,BR-C,283.96,2026-05-27
SKU-00793,Item-00793,BR-E,58.41,2026-05-20
SKU-00606,Item-00606,BR-A,152.87,2026-05-10
SKU-00470,Item-00470,BR-D,136.94,2026-05-21
SKU-00628,Item-00628,BR-B,46.77,2026-05-16
SKU-00660,Item-00660,BR-C,144.62,2026-05-17
SKU-00773,Item-00773,BR-C,114.75,2026-05-22
SKU-00313,Item-00313,BR-B,157.71,2026-05-11
SKU-00369,Item-00369,BR-E,277.17,2026-05-18
SKU-00750,Item-00750,BR-D,75.95,2026-05-23
SKU-00624,Item-00624,BR-C,113.21,2026-05-17
SKU-00416,Item-00416,BR-C,167.03,2026-05-15
SKU-00733,Item-00733,BR-E,246.78,2026-05-15
SKU-00586,Item-00586,BR-E,23.0,2026-05-10
SKU-00817,Item-00817,BR-D,151.27,2026-05-02
SKU-00838,Item-00838,BR-A,183.45,2026-05-27
SKU-00810,Item-00810,BR-E,39.95,2026-05-01
SKU-00544,Item-00544,BR-C,7.17,2026-05-09
SKU-00761,Item-00761,BR-E,132.32,2026-05-06
SKU-00817,Item-00817,BR-A,48.83,2026-05-13
SKU-00491,Item-00491,BR-C,182.71,2026-05-16
SKU-00444,Item-00444,BR-E,44.09,2026-05-24
SKU-00439,Item-00439,BR-A,53.11,2026-05-13
SKU-00359,Item-00359,BR-C,71.27,2026-05-08
SKU-00807,Item-00807,BR-C,109.59,2026-05-24
SKU-00792,Item-00792,BR-B,256.88,2026-05-10
SKU-00700,Item-00700,BR-E,175.98,2026-05-11
SKU-00769,Item-00769,BR-D,14.71,2026-05-22
SKU-00630,Item-00630,BR-D,58.91,2026-05-19
SKU-00783,Item-00783,BR-C,218.89,2026-05-06
SKU-00883,Item-00883,BR-A,172.66,2026-05-21
SKU-00410,Item-00410,BR-E,145.32,2026-05-17
SKU-00558,Item-00558,BR-D,138.2,2026-05-19
SKU-00384,Item-00384,BR-E,46.02,2026-05-17
SKU-00353,Item-00353,BR-C,49.48,2026-05-15
SKU-00695,Item-00695,BR-E,77.68,2026-05-29
SKU-00626,Item-00626,BR-C,217.6,2026-05-05
SKU-00586,Item-00586,BR-C,16.68,2026-05-16
SKU-00534,Item-00534,BR-E,141.66,2026-05-24
SKU-00762,Item-00762,BR-C,215.27,2026-05-14
SKU-00874,Item-00874,BR-C,105.17,2026-05-01
SKU-00369,Item-00369,BR-B,226.0,2026-05-26
SKU-00479,Item-00479,BR-B,19.37,2026-05-01
SKU-00584,Item-00584,BR-C,93.71,2026-05-12
SKU-00812,Item-00812,BR-A,106.02,2026-05-22
SKU-00742,Item-00742,BR-B,195.57,2026-05-02
SKU-00457,Item-00457,BR-A,50.44,2026-05-02
SKU-00563,Item-00563,BR-A,139.36,2026-05-30
SKU-00819,Item-00819,BR-D,149.41,2026-05-21
SKU-00703,Item-00703,BR-A,54.63,2026-05-02
SKU-00472,Item-00472,BR-A,156.0,2026-05-17
SKU-00633,Item-00633,BR-C,64.21,2026-05-05
SKU-00829,Item-00829,BR-B,43.15,2026-05-13
SKU-00423,Item-00423,BR-B,66.13,2026-05-15
SKU-00895,Item-00895,BR-D,118.22,2026-05-09
SKU-00347,Item-00347,BR-B,56.73,2026-05-23
SKU-00517,Item-00517,BR-A,6.33,2026-05-17
SKU-00579,Item-00579,BR-E,153.41,2026-05-30
SKU-00568,Item-00568,BR-A,183.49,2026-05-07
SKU-00674,Item-00674,BR-A,58.81,2026-05-17
SKU-00518,Item-00518,BR-C,73.68,2026-05-27
SKU-00591,Item-00591,BR-E,102.72,2026-05-19
SKU-00765,Item-00765,BR-E,197.74,2026-05-22
SKU-00894,Item-00894,BR-A,88.8,2026-05-23
SKU-00382,Item-00382,BR-D,96.61,2026-05-13
SKU-00703,Item-00703,BR-B,75.4,2026-05-22
SKU-00383,Item-00383,BR-E,49.28,2026-05-15
SKU-00816,Item-00816,BR-D,120.26,2026-05-05
SKU-00600,Item-00600,BR-C,128.6,2026-05-27
SKU-00627,Item-00627,BR-A,264.69,2026-05-30
SKU-00737,Item-00737,BR-B,215.66,2026-05-10
SKU-00823,Item-00823,BR-C,108.16,2026-05-27
SKU-00655,Item-00655,BR-C,72.22,2026-05-18
SKU-00502,Item-00502,BR-B,82.52,2026-05-04
SKU-00616,Item-00616,BR-D,43.75,2026-05-17
SKU-00334,Item-00334,BR-B,3.41,2026-05-11
SKU-00641,Item-00641,BR-C,11.85,2026-05-10
SKU-00396,Item-00396,BR-B,79.97,2026-05-01
SKU-00640,Item-00640,BR-E,95.24,2026-05-24
SKU-00788,Item-00788,BR-E,26.16,2026-05-21
SKU-00454,Item-00454,BR-D,191.92,2026-05-14
SKU-00399,Item-00399,BR-B,131.5,2026-05-07
SKU-00615,Item-00615,BR-E,109.38,2026-05-11
SKU-00450,Item-00450,BR-E,381.86,2026-05-01
SKU-00513,Item-00513,BR-A,168.23,2026-05-08
SKU-00473,Item-00473,BR-D,14.59,2026-05-11
SKU-00678,Item-00678,BR-E,120.41,2026-05-06
SKU-00380,Item-00380,BR-A,25.97,2026-05-24
SKU-00865,Item-00865,BR-A,12.59,2026-05-28
SKU-00357,Item-00357,BR-C,202.15,2026-05-07
SKU-00322,Item-00322,BR-B,101.67,2026-05-23
SKU-00426,Item-00426,BR-D,178.52,2026-05-06
SKU-00385,Item-00385,BR-C,38.3,2026-05-21
SKU-00357,Item-00357,BR-D,81.27,2026-05-01
SKU-00403,Item-00403,BR-A,75.14,2026-05-12
SKU-00314,Item-00314,BR-B,76.43,2026-05-18
SKU-00647,Item-00647,BR-E,176.71,2026-05-23
SKU-00302,Item-00302,BR-E,19.21,2026-05-05
SKU-00393,Item-00393,BR-B,68.52,2026-05-19
SKU-00579,Item-00579,BR-A,272.49,2026-05-17
SKU-00796,Item-00796,BR-B,120.64,2026-05-20
SKU-00499,Item-00499,BR-B,138.56,2026-05-14
SKU-00372,Item-00372,BR-B,94.34,2026-05-04
SKU-00417,Item-00417,BR-C,20.73,2026-05-20
SKU-00658,Item-00658,BR-C,370.74,2026-05-22
SKU-00378,Item-00378,BR-D,96.56,2026-05-18
SKU-00651,Item-00651,BR-C,84.27,2026-05-04
SKU-00744,Item-00744,BR-B,33.55,2026-05-14
SKU-00573,Item-00573,BR-A,183.79,2026-05-15
SKU-00538,Item-00538,BR-E,195.69,2026-05-24
SKU-00574,Item-00574,BR-C,20.36,2026-05-29
SKU-00586,Item-00586,BR-A,40.34,2026-05-26
SKU-00870,Item-00870,BR-D,110.85,2026-05-08
SKU-00787,Item-00787,BR-D,180.13,2026-05-28
SKU-00644,Item-00644,BR-C,98.1,2026-05-03
SKU-00788,Item-00788,BR-A,24.55,2026-05-29
SKU-00797,Item-00797,BR-B,31.15,2026-05-28
SKU-00769,Item-00769,BR-E,17.69,2026-05-16
SKU-00458,Item-00458,BR-E,104.27,2026-05-05
SKU-00698,Item-00698,BR-C,161.99,2026-05-07
SKU-00381,Item-00381,BR-B,147.53,2026-05-10
SKU-00826,Item-00826,BR-B,54.28,2026-05-08
SKU-00686,Item-00686,BR-D,62.33,2026-05-05
SKU-00521,Item-00521,BR-E,87.72,2026-05-03
SKU-00650,Item-00650,BR-C,76.56,2026-05-07
SKU-00540,Item-00540,BR-A,175.94,2026-05-22
SKU-00382,Item-00382,BR-A,63.59,2026-05-24
SKU-00644,Item-00644,BR-A,157.92,2026-05-19
SKU-00794,Item-00794,BR-B,87.36,2026-05-02
SKU-00872,Item-00872,BR-E,68.12,2026-05-15
SKU-00309,Item-00309,BR-E,53.9,2026-05-02
SKU-00351,Item-00351,BR-B,143.95,2026-05-20
SKU-00403,Item-00403,BR-A,59.59,2026-05-29
SKU-00333,Item-00333,BR-B,111.84,2026-05-01
SKU-00496,Item-00496,BR-B,78.22,2026-05-13
SKU-00374,Item-00374,BR-B,63.87,2026-05-15
SKU-00436,Item-00436,BR-E,20.25,2026-05-08
SKU-00594,Item-00594,BR-C,114.54,2026-05-13
SKU-00303,Item-00303,BR-E,17.62,2026-05-03
SKU-00892,Item-00892,BR-B,129.1,2026-05-21
SKU-00817,Item-00817,BR-A,92.7,2026-05-01
SKU-00306,Item-00306,BR-D,181.31,2026-05-29
SKU-00559,Item-00559,BR-E,99.61,2026-05-23
SKU-00464,Item-00464,BR-A,67.81,2026-05-22
SKU-00356,Item-00356,BR-C,74.58,2026-05-19
SKU-00802,Item-00802,BR-E,19.07,2026-05-25
SKU-00348,Item-00348,BR-A,148.56,2026-05-08
SKU-00304,Item-00304,BR-A,20.22,2026-05-29
SKU-00740,Item-00740,BR-D,95.22,2026-05-04
SKU-00441,Item-00441,BR-A,82.26,2026-05-11
SKU-00503,Item-00503,BR-C,183.33,2026-05-22
SKU-00472,Item-00472,BR-B,206.25,2026-05-30
SKU-00791,Item-00791,BR-C,141.12,2026-05-04
SKU-00429,Item-00429,BR-E,72.58,2026-05-10
SKU-00488,Item-00488,BR-C,161.62,2026-05-17
SKU-00643,Item-00643,BR-E,47.72,2026-05-10
SKU-00716,Item-00716,BR-C,21.17,2026-05-09
SKU-00751,Item-00751,BR-B,308.45,2026-05-30
SKU-00882,Item-00882,BR-B,45.0,2026-05-14
SKU-00422,Item-00422,BR-B,230.29,2026-05-05
SKU-00606,Item-00606,BR-B,196.97,2026-05-28
